image,image_path,generated_caption,reference_captions,BLEU_4,BERTScore_F1,CLIP_cosine_similarity,risk_signal_count,human_label,human_notes
000000051326.jpg,week4/quiz1/image_captioning/data/images/test/000000051326.jpg,a red fire hydrant sitting in a green grass,"Three decorated, carved jack-o-lanterns, one with pink flowers and a vase inside it || Three Jack-O-Laturns of various shapes, one of which has flowers in it. || A group of Halloween Jack o' lantern sitting on a floor with flowers and paper cut outs. || Pumpkins are made with different faces and one has flowers. || A bunch of pumpkins that have been carved with different faces in them.",0.027155616465759737,0.8429744243621826,0.14158515632152557,3,Incorrect,參考字幕描述雕刻南瓜與花；生成字幕卻描述消防栓。待圖片核對。
000000044652.jpg,week4/quiz1/image_captioning/data/images/test/000000044652.jpg,a person on a surfboard riding a wave,A flying plane with smoke trailing behind it. || An single passanger in an airplane flying through the sky || An old airplane is flying through the sky. || An airplane is flying high in the cloudy sky || A small airplane is flying across the sky,0.02777619034011792,0.8638926148414612,0.16763918101787567,3,Incorrect,參考字幕描述飛機；生成字幕卻描述衝浪者。待圖片核對。
000000055150.jpg,week4/quiz1/image_captioning/data/images/test/000000055150.jpg,a man sitting on a motorcycle with a dog in the background,Two children smiling on top of luggage in parking lot || Two little children on stroller in a parking lot. || Two children in a stroller among cars in a rental lot. || Two children sit atop their parent's luggage in the parking lot. || Two kids sitting in a luggage cart together,0.04740604259878138,0.8665672540664673,0.17340612411499023,3,Incorrect,參考字幕描述停車場中的兒童與行李；生成字幕卻描述摩托車與狗。待圖片核對。
000000045596.jpg,week4/quiz1/image_captioning/data/images/test/000000045596.jpg,a train is coming down the tracks in a wooded area,A view A large metal structure near the side of a building || The view from a window of an enclosed staircase open to the air. || a bunch of parked bikes sit between two buildings || The passage between the modern buildings is used by bicycle riders. || A caged stairway beside a building on a rainy day.,0.026658376817028855,0.8763057589530945,0.178636834025383,3,Incorrect,參考字幕描述建築物旁的樓梯、通道或自行車；生成字幕卻描述火車與鐵軌。待圖片核對。
000000032901.jpg,week4/quiz1/image_captioning/data/images/test/000000032901.jpg,a man in a suit and tie standing in a kitchen,four men are posing for a picture at an event || Four men are standing together behind a group of red chairs. || A group of older man standing next to each other. || Four gentleman posing for a picture at a cocktail party. || A group of four older men posing for a photo.,0.026658376817028855,0.8640427589416504,0.20009751617908478,3,Incorrect,參考字幕描述四名男子合照；生成字幕只描述一名穿西裝的人。待圖片核對。
000000015597.jpg,week4/quiz1/image_captioning/data/images/test/000000015597.jpg,a man sitting on a bench reading a book,shirtless skateboarder going down a ramp on clear day || a male shirtless skateboarder is doing a trick || A man riding a skateboard on top of a cement rail. || A man with a cowboy hat on doing a trick on a skateboard. || A skateboarder in cowboy hat just about to go down a ramp,0.07583235673413397,0.8717702627182007,0.17244595289230347,2,Incorrect,參考字幕描述滑板者；生成字幕卻描述坐在長椅上看書的人。待圖片核對。
000000006894.jpg,week4/quiz1/image_captioning/data/images/test/000000006894.jpg,a man standing next to a man holding a surfboard,A man getting a kiss on the neck from an elephant's trunk || A man being kiss by a baby elephant with it's trunk. || A man throws his head back as an elephant touches his face with its trunk. || An elephant using his truck to cuddle with a man. || A man is playing with an elephant in a field.,0.04802616576551228,0.871242880821228,0.17486590147018433,2,Incorrect,參考字幕描述男子與大象互動；生成字幕卻描述兩名男子與衝浪板。待圖片核對。
000000026941.jpg,week4/quiz1/image_captioning/data/images/test/000000026941.jpg,a bench sitting in front of a brick wall,A bunch of suitcases that are on a cart. || a little green cart filled with assorted suitcases || Seven suitcases are stacked on top of a dolly || A pile of suitcases that are stacked on a green roller. || A green cart with old luggage on it standing by.,0.056122223243057295,0.8740311861038208,0.1758880913257599,2,Incorrect,參考字幕描述裝有行李箱的推車；生成字幕卻描述長椅與磚牆。待圖片核對。
000000050679.jpg,week4/quiz1/image_captioning/data/images/test/000000050679.jpg,a bird is standing on the sand near a tree,A close-up of an orange on the side of the road. || an orange is on the white line on a street and some cars || a close up of an orange on a city street || An orange sitting in the middle of a road || An orange lying near the white stripe of a highway.,0.05873949094699214,0.8697450757026672,0.1850612759590149,2,Incorrect,參考字幕描述道路上的橘子；生成字幕卻描述鳥與沙地。待圖片核對。
000000008844.jpg,week4/quiz1/image_captioning/data/images/test/000000008844.jpg,a bunch of different fruits in a produce,Smiling lady standing by two bunches of bananas on a table. || A woman smiling as she walks toward bunches of bananas. || a black woman standing over a bushel of yellow bananas || An African woman is smiling above a large group of bananas. || A middle aged black woman is standing behind a table full of bananas.,0.02846946938149362,0.8704386949539185,0.20479387044906616,2,Partial,生成字幕提到水果，但參考字幕重點是女性與香蕉；需核對圖片。
000000006213.jpg,week4/quiz1/image_captioning/data/images/test/000000006213.jpg,a white sink sitting under a white sink,"A shower curtain sits open in an empty and clean bathroom. || a bathroom view of a tub and sink wit mirrors || Nice and neat clean bathroom with shower in the corner. || A bathroom has two sinks, a bathtub, and a shower. || The bathroom had a tub with two sinks and a separate shower.",0.02846946938149362,0.870592474937439,0.25674673914909363,2,Partial,生成字幕提到洗手台與浴室相關物件，但描述重複且不完整；需核對圖片。
