image,generated_caption,reference_1,BLEU-4,BERTScore_F1,manual_label,notes
000000000776.jpg,a teddy bear is sitting on a table,"Three teddy bears, each a different color, snuggling together.",0.1477219991186121,0.8857948184013367,未確認,
000000000802.jpg,a white sink and a sink in a bathroom,"A kitchen with a refrigerator, stove and oven with cabinets.",0.07583235673413397,0.8842414617538452,未確認,
000000000872.jpg,a baseball player is swinging at a ball,A couple of baseball player standing on a field.,0.06164542728425844,0.9094268083572388,未確認,
000000001425.jpg,a close up of a white plate with a of broccoli,A meal is lying on a plate on a table.,0.12278260149096115,0.8825448751449585,未確認,
000000001503.jpg,a desk with a computer and a laptop on it,A computer on a desk next to a laptop.,0.09720654209069822,0.9301424622535706,未確認,
000000001818.jpg,a zebra standing next to a tree in a field,A zebra in the grass who is cleaning himself.,0.13134549472120793,0.9136831760406494,未確認,
000000003553.jpg,a man sitting on a bench reading a book,a person skating on some pieces of wood,0.07583235673413397,0.8851296901702881,未確認,
000000004134.jpg,a man and a woman are standing in a kitchen,A man is shaking hands with another man.,0.05307712171072445,0.9130880832672119,未確認,
000000005477.jpg,a large jetliner sitting on top of a runway,large mustard yellow commercial airplane parked in the airport,0.5307712171072443,0.8933293223381042,未確認,
000000006213.jpg,a white sink sitting under a white sink,A shower curtain sits open in an empty and clean bathroom.,0.02846946938149362,0.870592474937439,未確認,
000000006894.jpg,a man standing next to a man holding a surfboard,A man getting a kiss on the neck from an elephant's trunk,0.04802616576551228,0.871242880821228,未確認,
000000006954.jpg,a group of people playing frisbee in a field,A group of young children sitting in the grass.,0.1262975489687145,0.9213106036186218,未確認,
000000007108.jpg,a elephant that is standing in the dirt,A herd of elephants walking away from a watering hole.,0.03234756246430655,0.8969074487686157,未確認,
000000007574.jpg,a kitchen with a stove and a sink,A kitchen with a very messy counter space.,0.5901612477751701,0.9172577857971191,未確認,
000000007816.jpg,a man riding a motorcycle down a road,A person on a motor bike travels around a sharp corner.,0.07923502246035705,0.92684006690979,未確認,
000000007977.jpg,a man on a skateboard is performing a trick,A young man performing tricks on a skateboard.,0.17286039232097053,0.9556337594985962,未確認,
000000008844.jpg,a bunch of different fruits in a produce,Smiling lady standing by two bunches of bananas on a table.,0.02846946938149362,0.8704386949539185,未確認,
000000010363.jpg,a cat sitting on top of a wooden floor,A gray cat standing on top of a black car.,0.5166357204442371,0.9460920691490173,未確認,
000000010583.jpg,a plate with a sandwich and salad,a plate of meat topped with potatoes veggies and gravy,0.15925177647011354,0.9122255444526672,未確認,
000000010707.jpg,a group of people sitting on a bed with a dog,A man standing in a living room holding a Nintendo Wii game controller.,0.04790437745835816,0.8968596458435059,明顯錯誤,
000000010764.jpg,a baseball player is preparing to hit the ball,A catches crouches on a patch of dirt.,0.06376715693797415,0.853258490562439,未確認,
000000011122.jpg,a green and white train is coming down the tracks,A red stop sign behind a chain link fence.,0.05307712171072445,0.866747260093689,未確認,
000000012062.jpg,a sheep standing on a dirt ground,A large white sheep standing next to other sheep.,0.06435413670103206,0.9171996712684631,未確認,
000000012120.jpg,a man standing on a tennis court holding a racquet,A couple of women playing a game of tennis on a tennis court.,0.2907153684841096,0.9323887228965759,未確認,
000000012748.jpg,a man is standing in a field of grass,A man and child next to a horse.,0.06030725360407769,0.9014177322387695,未確認,
000000013291.jpg,a group of people playing frisbee in a field,A group of people hold up Frisbees for the camera.,0.5501366107724776,0.9224532246589661,未確認,
000000013348.jpg,a plane is parked on the runway,a large air plane on a terminal,0.21515344521672802,0.9232749938964844,未確認,
000000015272.jpg,a green and yellow fire hydrant in front of a tree,A red light is a wonderful contrast to the pink leaves on trees,0.11094660471566163,0.8688032627105713,未確認,
000000015338.jpg,a street with a clock on the side of a building,A yellow bus is on a street near a black guard rail.,0.05452469119630864,0.891248345375061,未確認,
000000015517.jpg,a large white building with a lot of cars,Buses parked on a road outside a large bus station.,0.06376715693797415,0.8746761083602905,未確認,
000000015597.jpg,a man sitting on a bench reading a book,shirtless skateboarder going down a ramp on clear day,0.07583235673413397,0.8717702627182007,未確認,
000000017029.jpg,a black and white cat is standing in the grass,a dog jumping to catch a frisbee in a yard,0.1186840521952098,0.8788615465164185,未確認,
000000017178.jpg,a large truck parked on a road near a road,Horses communing with each other on a shady street.,0.05307712171072445,0.8947859406471252,未確認,
000000017714.jpg,a close up of a piece of on a plate,Food on a train with a pie and some vegetable,0.07259795291154773,0.8597316145896912,未確認,
000000018193.jpg,a man holding a hot dog in his hand,A woman in green sweater eating a hotdog by campfire.,0.03155984539112946,0.9018518924713135,未確認,
000000019109.jpg,a row of motorcycles parked on the side of the road,Many small motorbikes are parked along the street.,0.17827531042796255,0.9031283259391785,未確認,
000000020571.jpg,a group of boats are parked in a harbor,a group of boats parked next to a dock in the water,0.3549481056010053,0.9510231614112854,未確認,
000000021465.jpg,a table with a bunch of different colored flowers in it,A dirty table has incense burners on it.,0.030661487102926755,0.9036365747451782,明顯錯誤,
000000021604.jpg,a man wearing a suit and tie standing in a room,A man in a suit is wearing a lit up tie.,0.08210967436686387,0.9215551018714905,未確認,
000000021879.jpg,a woman in a wetsuit is standing on a beach,there are many surfers that are in the water,0.02984745896009824,0.8793734312057495,未確認,
000000022479.jpg,a man riding a skateboard down a street,The skateboarder wears headphones while jumping to grab his board.,0.08783602619713961,0.8864696025848389,未確認,
000000023230.jpg,a group of people standing in a river,A family of swans swimming on top of a lake.,0.1514090621997985,0.9241818189620972,未確認,
000000023359.jpg,a person on a snowboard on a snowy surface,A man flying through the air while riding a snowboard.,0.06376715693797415,0.9160547852516174,未確認,
000000023666.jpg,a white toilet sitting next to a white sink,A toilet and bathtub in a dark room with abnormal plumbing.,0.03391326091030751,0.9029646515846252,未確認,
000000023781.jpg,a pile of carrots and carrots on a table,An assortment of fruits and vegetable all set together,0.03585890753612134,0.8825740218162537,未確認,
000000024610.jpg,a living room with a couch and a television,A disorderly living area is free from decorative elements.,0.631196907822589,0.8764269948005676,未確認,
000000026941.jpg,a bench sitting in front of a brick wall,A bunch of suitcases that are on a cart.,0.056122223243057295,0.8740311861038208,未確認,
000000027696.jpg,a pizza with cheese and olives on it,A person is eating pizza with a knife and fork.,0.08783602619713961,0.8893617987632751,未確認,
000000027982.jpg,a toilet in a bathroom with a toilet seat,A small bathroom with marble tiles and counter.,0.10142430673893117,0.9098304510116577,未確認,
000000028285.jpg,a stone building with a clock on the top,A white clock tower at the top of a tiled building.,0.07381278975119651,0.9141620397567749,未確認,
000000028449.jpg,a large elephant standing next to a fence,A group of elephants are standing in the trees.,0.0346657712709552,0.9173703789710999,未確認,
000000028809.jpg,a close up of a hot dog with mustard,A picture of a bunch of bananas sitting on a table.,0.056122223243057295,0.8991668224334717,未確認,
000000030828.jpg,a man flying a kite in a field,"A person with an orange blanket covering them, sleeping on a wooden park bench.",0.06164542728425844,0.8917450308799744,未確認,
000000032038.jpg,a pizza with a knife and fork on it,A large cheese pizza being served to customers.,0.06030725360407769,0.8773977160453796,未確認,
000000032811.jpg,a white and black cat sitting on top of a window,A bird resting outside of a boat window.,0.12278260149096115,0.9200162291526794,未確認,
000000032901.jpg,a man in a suit and tie standing in a kitchen,four men are posing for a picture at an event,0.026658376817028855,0.8640427589416504,明顯錯誤,
000000034257.jpg,a wooden table topped with many different types of vegetables,A market display case filled with different colored vegetables.,0.03155984539112946,0.9228444695472717,未確認,
000000035062.jpg,a cat laying on a bed with a blanket,a sleeping child in a bed with a black and white cover,0.3549481056010053,0.9300137758255005,未確認,
000000035279.jpg,a computer desk with a keyboard and mouse,there is a tennis racket and a laptop on the floor,0.03226013518927287,0.8858221173286438,明顯錯誤,
000000037689.jpg,a person on skis is standing in the snow,There are two snowboarders in the air completing stunts.,0.1262975489687145,0.8993905186653137,未確認,
000000037988.jpg,a man holding a tennis racquet on a tennis court,a woman is throwing a tennis ball to serve,0.05873949094699214,0.923479437828064,未確認,
000000038210.jpg,a person skiing down a hill on a snowy slope,a skier is prepared to go down a mountain.,0.07259795291154773,0.9171362519264221,未確認,
000000038678.jpg,a woman holding a glass of wine with a glass of wine,A woman in striped shirt holding a plate with a bagel on it.,0.06484115071397646,0.8850769996643066,未確認,
000000039670.jpg,a train is coming down the tracks,A train traveling through rural countryside lined with trees.,0.06804621483119704,0.8887754082679749,未確認,
000000040757.jpg,a dog laying on a bed with a blanket on top of it,A young boy laying in bed with a pacifier in his mouth,0.3955332535877179,0.9043538570404053,未確認,
000000042178.jpg,a group of people standing next to a train,Smoggy picture of many trains in a busy train station.,0.03391326091030751,0.8885219693183899,未確認,
000000042628.jpg,a group of people riding horses down a snow covered slope,Snow piled high around pipes with people walking in background,0.2790159393585827,0.8622787594795227,未確認,
000000043435.jpg,a person riding a surfboard on a wave,"Two surfers catching two different waves, one after the other.",0.02915032279375143,0.8799423575401306,未確認,
000000044195.jpg,a man standing on a snowy hill with a frisbee,A woman with a snowboard with a man standing next to her on a ski slope.,0.488923022434901,0.9206094145774841,未確認,
000000044652.jpg,a person on a surfboard riding a wave,A flying plane with smoke trailing behind it.,0.02777619034011792,0.8638926148414612,明顯錯誤,
000000045090.jpg,a person riding a surfboard on a wave,A couple of men in the water on surfboards.,0.13784336590962212,0.9202374815940857,未確認,
000000045596.jpg,a train is coming down the tracks in a wooded area,A view A large metal structure near the side of a building,0.026658376817028855,0.8763057589530945,未確認,
000000046031.jpg,a desk with a computer keyboard and mouse,A laptop and a desktop computer sitting on a table.,0.03987129846774613,0.910332977771759,未確認,
000000046804.jpg,a sheep standing on a lush green field,A sheep standing in grass next to a rock wall.,0.13784336590962212,0.9284116625785828,未確認,
000000046872.jpg,a man standing next to a white fence,A man standing along side of a truck trailer.,0.6803749333171202,0.9351904988288879,未確認,
000000047769.jpg,a living room with a couch and a table,a black table and stools sitting next to two windows with shutters,0.2420908439902982,0.8906518220901489,未確認,
000000048555.jpg,a group of people riding horses along a beach,A group of people on horses racing together.,0.3814165616365676,0.9386364221572876,未確認,
000000048924.jpg,a man riding a motorcycle with a dog in the background,A dirt bike parked near a tent in the woods.,0.06484115071397646,0.8997427821159363,未確認,
000000049810.jpg,a dog is looking at a dog in a cage,A little cat looking at itself in a mirror.,0.06674094719041482,0.9142574071884155,未確認,
000000050165.jpg,a train on a track near a bridge,Small train running down the tracks in the middle of a field.,0.0682218798076897,0.9156585335731506,未確認,
000000050679.jpg,a bird is standing on the sand near a tree,A close-up of an orange on the side of the road.,0.05873949094699214,0.8697450757026672,未確認,
000000050828.jpg,a bedroom with a bed and a table in it,Two twin beds with no comforters on them.,0.1634812655665549,0.8934931755065918,未確認,
000000051326.jpg,a red fire hydrant sitting in a green grass,"Three decorated, carved jack-o-lanterns, one with pink flowers and a vase inside it",0.027155616465759737,0.8429744243621826,明顯錯誤,
000000051712.jpg,a person on skis is standing on a snowy slope,A man skiing down the side of a snow covered mountain.,0.18877190536462235,0.9104084372520447,未確認,
000000051938.jpg,a person skiing down a hill on a snowy hill,A person on skis does a trick on a rail.,0.3356891925037239,0.9105353355407715,未確認,
000000051976.jpg,a man riding a wave on top of a surfboard,A man on a surfboard riding a wave in the ocean.,1.0,0.9543042778968811,未確認,
000000052996.jpg,a group of people standing around a kitchen counter,A group of women in military outfits helping other women in a kitchen.,0.5133450480401704,0.9209892749786377,未確認,
000000053505.jpg,a white toilet sitting in a bathroom next to a wall,A toilet sitting underneath a medicine cabinet in a bathroom.,0.18360281349467963,0.9435936808586121,未確認,
000000054654.jpg,a woman standing in a kitchen with a stove and a stove,The woman is dipping food out of the pot to eat.,0.10772732737663729,0.8841797709465027,未確認,
000000055150.jpg,a man sitting on a motorcycle with a dog in the background,Two children smiling on top of luggage in parking lot,0.04740604259878138,0.8665672540664673,明顯錯誤,
000000055950.jpg,a man holding a tennis racquet on a tennis court,a man is playing tennis and is going to return the ball,0.3356891925037239,0.8940183520317078,未確認,
000000056545.jpg,a bird that is standing in the grass,A gray bird is standing on small brown branch.,0.07923502246035705,0.9202278852462769,未確認,
000000057672.jpg,a group of people riding on a boat in the water,The group paddles the boat down on the water.,0.18850319022747353,0.9142082333564758,未確認,
000000058393.jpg,a bench sitting on a beach near a body of water,Two people sitting on a bench silhouetted against the sea.,0.13712233890675465,0.9013293981552124,未確認,
000000058705.jpg,a man wearing a suit and tie,A man wearing a helmet while holding a banana next to a woman wearing a helmet.,0.32668286409255015,0.9013542532920837,未確認,
000000059920.jpg,a white toilet sitting in a bathroom next to a wall,a bathroom with a both a toilet and bidet,0.05452469119630864,0.8844465017318726,未確認,
000000060835.jpg,a giraffe standing next to a tree in a field,A dog in a a cage with a bed and bowl,0.05307712171072445,0.8926298022270203,未確認,
000000060886.jpg,a baseball player holding a bat on a field,A group of baseball players cluster together while wearing blue and white uniforms.,0.06030725360407769,0.8933044075965881,未確認,
000000061268.jpg,a train is coming down the tracks,A train going down the track near a city,0.0977009645333305,0.925793468952179,未確認,
000000061471.jpg,a cat is sitting on a chair in a kitchen,Puppy chewing on toilet paper in the bathroom.,0.056122223243057295,0.9068770408630371,未確認,
