filename,reference_count,week4_baseline_BLEU1,week4_baseline_BLEU2,week4_baseline_BLEU3,week4_baseline_BLEU4,week4_continuation_BLEU1,week4_continuation_BLEU2,week4_continuation_BLEU3,week4_continuation_BLEU4,week5_clip_lstm_BLEU1,week5_clip_lstm_BLEU2,week5_clip_lstm_BLEU3,week5_clip_lstm_BLEU4,delta_week5_vs_continuation_BLEU1,delta_week5_vs_baseline_BLEU1,delta_week5_vs_continuation_BLEU2,delta_week5_vs_baseline_BLEU2,delta_week5_vs_continuation_BLEU3,delta_week5_vs_baseline_BLEU3,delta_week5_vs_continuation_BLEU4,delta_week5_vs_baseline_BLEU4
000000010363.jpg,5,0.7059287943757805,0.694021462607675,0.6320123414031551,0.5302704725618331,0.6065022036186283,0.4585899931244084,0.38362345580017687,0.3102240676780216,0.7363636363636363,0.47777895231239237,0.1363757564984761,0.07503785012559738,0.12986143274500805,0.030434841987855843,0.019188959187983967,-0.21624251029528269,-0.24724769930170076,-0.495636584904679,-0.2351862175524242,-0.45523262243623575
000000011122.jpg,5,0.41,0.2238551118717442,0.08556208292121555,0.05469359889753421,0.41,0.2238551118717442,0.08556208292121555,0.05469359889753421,0.6777777777777777,0.42180169116145877,0.3035081979582565,0.1469230742428875,0.2677777777777777,0.2677777777777777,0.19794657928971457,0.19794657928971457,0.21794611503704098,0.21794611503704098,0.09222947534535329,0.09222947534535329
000000015338.jpg,5,0.6454545454545454,0.2664582518894846,0.09239999472495834,0.05603784982999849,0.6749999999999999,0.3589758158478595,0.2420142969036816,0.11202633796572632,0.7363636363636363,0.39323830387738634,0.11977229546807318,0.0680761180951142,0.0613636363636364,0.09090909090909094,0.03426248802952686,0.12678005198790177,-0.12224200143560841,0.027372300743114836,-0.04395021987061212,0.012038268265115712
000000017178.jpg,5,0.41,0.2238551118717442,0.08556208292121555,0.05469359889753421,0.4964854992080206,0.07432201131051323,0.04154352517001728,0.032508101203376834,0.61,0.08232726023485645,0.04392034870457065,0.03316842309608275,0.11351450079197939,0.2,0.00800524892434322,-0.14152785163688775,0.002376823534553367,-0.041641734216644896,0.0006603218927059146,-0.02152517580145146
000000023230.jpg,5,0.5938355970919462,0.5204622224422414,0.33818064337072573,0.15666632400128508,0.8053553851329326,0.7412867479940939,0.6603909538965295,0.548029721269469,0.61,0.458378785625067,0.3068437199602347,0.14253234139075605,-0.1953553851329326,0.016164402908053765,-0.2829079623690269,-0.062083436817174376,-0.3535472339362948,-0.03133692341049105,-0.405497379878713,-0.014133982610529033
000000032901.jpg,5,0.3727272727272727,0.061051394146839334,0.034597885258986216,0.02682345205292152,0.3727272727272727,0.061051394146839334,0.034597885258986216,0.02682345205292152,0.5071428571428571,0.3477557561479981,0.222973558305355,0.10019403161473456,0.13441558441558443,0.13441558441558443,0.28670436200115873,0.28670436200115873,0.1883756730463688,0.1883756730463688,0.07337057956181303,0.07337057956181303
000000061268.jpg,5,0.6548587839656062,0.5798932625803207,0.17161187168833952,0.09871302566620867,1.01,0.8273787255879592,0.4548872866384072,0.1914931924021471,0.8416666666666667,0.6246817371488242,0.35013600156799085,0.14778043772344474,-0.16833333333333333,0.18680788270106052,-0.20269698843913497,0.044788474568503545,-0.10475128507041637,0.17852412987965133,-0.043712754678702365,0.04906741205723607
000000069356.jpg,5,0.3727272727272727,0.061051394146839334,0.034597885258986216,0.02682345205292152,0.8099999999999999,0.6074537019394975,0.1664608570701823,0.09009684533452042,0.71,0.4070217029430577,0.12746228967208784,0.07374995790299528,-0.09999999999999998,0.3372727272727273,-0.20043199899643988,0.3459703087962183,-0.03899856739809446,0.09286440441310162,-0.01634688743152514,0.04692650585007376
000000073702.jpg,5,0.4555555555555555,0.34580823202077376,0.11954301500147993,0.07304749731871296,0.5083333333333333,0.31152119437600795,0.09900528983925533,0.05730376699788073,0.5083333333333333,0.31152119437600795,0.09900528983925533,0.05730376699788073,0.0,0.05277777777777781,0.0,-0.034287037644765817,0.0,-0.0205377251622246,0.0,-0.015743730320832233
000000077595.jpg,5,0.672903888220754,0.5128199838686133,0.15697504163286316,0.09089892592012389,0.7888888888888889,0.635850261897843,0.39902623587957237,0.18039033950866704,0.9181818181818181,0.8623962388179071,0.7958545026389143,0.7129330132101805,0.12929292929292924,0.24527792996106412,0.22654597692006406,0.3495762549492938,0.39682826675934196,0.6388794610060512,0.5325426737015135,0.6220340872900567
000000079651.jpg,5,0.672903888220754,0.42207899631180873,0.30660603735918707,0.15018318939012715,0.3727272727272727,0.061051394146839334,0.034597885258986216,0.02682345205292152,0.71,0.4070217029430577,0.28347359452910215,0.13431049448889987,0.3372727272727273,0.03709611177924599,0.3459703087962183,-0.015057293368751057,0.24887570927011593,-0.02313244283008492,0.10748704243597834,-0.01587269490122728
000000084270.jpg,5,0.23333333333333334,0.05400617248673217,0.034668063717531734,0.028867513459481287,0.34444444444444444,0.06561673228343178,0.039473931741385374,0.03181961911289835,0.3727272727272727,0.061051394146839334,0.034597885258986216,0.02682345205292152,0.028282828282828243,0.13939393939393935,-0.004565338136592441,0.007045221660107168,-0.004876046482399157,-7.017845854551813e-05,-0.004996167059976832,-0.0020440614065597683
000000086483.jpg,5,0.7363636363636363,0.549462547321554,0.4702532347282824,0.34579962522280255,0.51,0.3449637662132068,0.11415256069762633,0.0678953034358522,0.4076490221043239,0.22395825774122144,0.08623039841713723,0.055608828544775786,-0.1023509778956761,-0.3287146142593124,-0.12100550847198535,-0.3255042895803325,-0.027922162280489105,-0.3840228363111452,-0.01228647489107642,-0.2901907966780268
000000088432.jpg,5,0.5461538461538461,0.3091551763709013,0.09542308505535468,0.05429253124889992,0.6230769230769231,0.23898825204470744,0.08037484347556866,0.04773534933294458,0.5070756128614762,0.2497814831219506,0.09273759575261051,0.058727339438471936,-0.1160013102154469,-0.039078233292369924,0.010793231077243143,-0.0593736932489507,0.012362752277041852,-0.002685489302744176,0.010991990105527358,0.004434808189572016
000000095155.jpg,5,0.6065022036186283,0.4585899931244084,0.13904820548688498,0.0795742388328439,0.7363636363636363,0.549462547321554,0.33292171414036453,0.14654941690404139,0.8053553851329326,0.5284478869928771,0.15283299234379583,0.0854203386848383,0.06899174876929626,0.1988531815143043,-0.021014660328676826,0.06985789386846875,-0.1800887217965687,0.013784786856910841,-0.06112907821920309,0.005846099851994399
000000100283.jpg,5,0.9047819758900849,0.7857138760027229,0.6865200731713027,0.6219118118042575,0.5545454545454546,0.41461921193920925,0.342314432198138,0.27251761646208966,0.8053553851329326,0.7412867479940939,0.6016266438464282,0.4347523308531818,0.250809930587478,-0.09942659075715232,0.32666753605488463,-0.044427128008629024,0.25931221164829016,-0.08489342932487454,0.16223471439109216,-0.18715948095107565
000000103548.jpg,5,0.51,0.4191260749066642,0.2890662263134604,0.13629298543574664,0.5916666666666667,0.4696065406596282,0.35911139803365416,0.15061258583059386,0.7888888888888889,0.635850261897843,0.39902623587957237,0.18039033950866704,0.1972222222222222,0.27888888888888885,0.1662437212382148,0.2167241869911788,0.039914837845918205,0.10996000956611196,0.02977775367807317,0.0440973540729204
000000104669.jpg,5,0.6911856949758718,0.4018566761278064,0.12797913433050315,0.07559071790249167,0.7885357928597974,0.5215016926657955,0.1522634004871696,0.08611141729357782,0.8099999999999999,0.5282045058497703,0.15164848364446992,0.08401446072467171,0.021464207140202585,0.11881430502412815,0.0067028131839748095,0.1263478297219639,-0.0006149168426996809,0.023669349313966775,-0.0020969565689061137,0.008423742822180044
000000106048.jpg,5,0.5666666666666667,0.2791355704074038,0.10363603164281672,0.06562892167896849,0.41,0.2238551118717442,0.08556208292121555,0.05469359889753421,0.5545454545454546,0.24698178070456941,0.08784069740914127,0.05395097959656368,0.1445454545454546,-0.012121212121212088,0.023126668832825215,-0.03215378970283436,0.002278614487925726,-0.015795334233675448,-0.0007426193009705331,-0.011677942082404809
000000108244.jpg,5,0.399135401324095,0.22101443372807683,0.08590902714789223,0.056058722240540086,0.5545454545454546,0.3412543706013821,0.10896942143498252,0.06341704286727459,0.71,0.5687217636458485,0.4395176647459508,0.339864585144259,0.1554545454545454,0.310864598675905,0.2274673930444664,0.34770732991777165,0.33054824331096827,0.35360863759805855,0.2764475422769844,0.2838058629037189
000000113051.jpg,5,0.44015098594409596,0.340245815568084,0.2674903031511256,0.1377035066972052,0.4522796625746051,0.07551115351145107,0.04377183124521141,0.03488043026573311,0.61,0.08232726023485645,0.04392034870457065,0.03316842309608275,0.15772033742539487,0.16984901405590402,0.00681610672340538,-0.2579185553332275,0.00014851745935923893,-0.22356995444655495,-0.0017120071696503647,-0.10453508360112246
000000121153.jpg,5,0.7363636363636363,0.6128176356351492,0.5057399152051457,0.36519186790284824,0.7363636363636363,0.6128176356351492,0.5057399152051457,0.36519186790284824,0.6777777777777777,0.42180169116145877,0.3035081979582565,0.1469230742428875,-0.05858585858585863,-0.05858585858585863,-0.19101594447369047,-0.19101594447369047,-0.2022317172468892,-0.2022317172468892,-0.21826879365996074,-0.21826879365996074
000000121591.jpg,5,0.5545454545454546,0.24698178070456941,0.08784069740914127,0.05395097959656368,0.6777777777777777,0.30527765140023666,0.1100096191684282,0.06863334778343269,0.6777777777777777,0.5124830620507266,0.3455820892326457,0.16194800663613418,0.0,0.12323232323232314,0.20720541065048992,0.26550128134615714,0.2355724700642175,0.2577413918235044,0.09331465885270149,0.10799702703957051
000000124975.jpg,5,0.71,0.6342975116877988,0.5382110054641039,0.39562897588727575,0.4964854992080206,0.41380744594852525,0.29023835601066533,0.1396947863714442,0.6454545454545454,0.5144281909424906,0.31861525482187475,0.14180039063457348,0.1489690462465248,-0.06454545454545457,0.10062074499396534,-0.1198693207453082,0.028376898811209417,-0.2195957506422292,0.0021056042631292793,-0.25382858525270224
000000126216.jpg,5,0.5625917753976796,0.4689052672441058,0.32888314413414427,0.15829493107830278,0.5625917753976796,0.4689052672441058,0.32888314413414427,0.15829493107830278,0.6777777777777777,0.5124830620507266,0.3455820892326457,0.16194800663613418,0.11518600238009813,0.11518600238009813,0.04357779480662077,0.04357779480662077,0.01669894509850145,0.01669894509850145,0.003653075557831398,0.003653075557831398
000000126592.jpg,5,0.8099999999999999,0.6774953874381728,0.562377751211229,0.4088789563072399,0.7888888888888889,0.7755822185801953,0.7595842326444695,0.6898180700764239,0.5916666666666667,0.4696065406596282,0.4088932952539063,0.3023396012427235,-0.1972222222222222,-0.21833333333333327,-0.30597567792056707,-0.20788884677854463,-0.35069093739056323,-0.15348445595732274,-0.3874784688337004,-0.1065393550645164
000000128699.jpg,5,0.5070756128614762,0.34512271539826983,0.1150441930960991,0.06903144726009337,0.6065022036186283,0.27317444501768307,0.09844093245968528,0.06141581804120994,0.9047819758900849,0.9054031788303385,0.7545794404139087,0.6676019573120244,0.29827977227145663,0.39770636302860873,0.6322287338126554,0.5602804634320686,0.6561385079542233,0.6395352473178095,0.6061861392708144,0.5985705100519311
000000133567.jpg,5,0.4555555555555555,0.07546154281781182,0.043329576080733234,0.03412326017556969,0.5625917753976796,0.2793190825481605,0.1046938211336408,0.06708517926658812,0.7583333333333333,0.462290083402317,0.28646656909287754,0.12712905908218722,0.19574155793565373,0.3027777777777778,0.18297100085415646,0.38682854058450516,0.18177274795923676,0.2431369930121443,0.0600438798155991,0.09300579890661753
000000138979.jpg,5,0.46146708319833935,0.3121361235363184,0.22971380998793978,0.11188154543143469,0.46146708319833935,0.3121361235363184,0.22971380998793978,0.11188154543143469,0.65,0.39370039370059057,0.10890558461812622,0.058538210463010484,0.18853291680166068,0.18853291680166068,0.08156427016427215,0.08156427016427215,-0.12080822536981356,-0.12080822536981356,-0.05334333496842421,-0.05334333496842421
000000147725.jpg,5,0.7363636363636363,0.6128176356351492,0.555138420882719,0.4603448523988746,0.51,0.2496664441476534,0.09201884722037974,0.05776078424275454,0.425,0.20615528128088306,0.07518472981024875,0.04661617174759082,-0.08500000000000002,-0.31136363636363634,-0.04351116286677034,-0.4066623543542662,-0.016834117410130994,-0.47995369107247027,-0.01114461249516372,-0.4137286806512838
000000149406.jpg,5,0.31,0.19465068427541912,0.07794841598703375,0.051001266463957425,0.34196754975153076,0.06565987070177529,0.039876833217789384,0.03252567309920321,0.5071428571428571,0.3999313127839016,0.30362413371878083,0.12630020202750916,0.16517530739132635,0.19714285714285712,0.33427144208212634,0.20528062850848247,0.26374730050099143,0.22567571773174708,0.09377452892830596,0.07529893556355174
000000162415.jpg,5,0.2818181818181818,0.1760681686165901,0.0700981239153807,0.04555198421947671,0.34444444444444444,0.21762608095334326,0.08778923828933324,0.057948626670717825,0.5545454545454546,0.41461921193920925,0.27594106733364315,0.12730332824940982,0.21010101010101012,0.27272727272727276,0.196993130985866,0.23855104332261914,0.1881518290443099,0.20584294341826245,0.069354701578692,0.08175134402993312
000000168619.jpg,5,0.425,0.062158156050806115,0.033806386185319774,0.025596962598240968,0.4636363636363636,0.2258317958127243,0.08275150268708018,0.051589274438703696,0.425,0.062158156050806115,0.033806386185319774,0.025596962598240968,-0.038636363636363635,0.0,-0.16367363976191818,0.0,-0.0489451165017604,0.0,-0.025992311840462728,0.0
000000171050.jpg,5,0.8099999999999999,0.5282045058497703,0.33726320839032753,0.15300379939187225,0.8099999999999999,0.5282045058497703,0.33726320839032753,0.15300379939187225,0.8099999999999999,0.6774953874381728,0.562377751211229,0.4806195270885181,0.0,0.0,0.14929088158840254,0.14929088158840254,0.2251145428209015,0.2251145428209015,0.3276157276966458,0.3276157276966458
000000176799.jpg,5,0.6454545454545454,0.3681649827800772,0.11462538735178947,0.06587006855914923,0.46923076923076923,0.2865578207192828,0.09071461925019,0.05227065732431359,0.7059287943757805,0.5689838139529039,0.4429506861971875,0.3455517981022916,0.23669802514501126,0.060474248921235096,0.28242599323362105,0.20081883117282667,0.3522360669469975,0.3283252988453981,0.293281140777978,0.27968172954314235
000000177893.jpg,5,0.7363636363636363,0.549462547321554,0.41300089415322433,0.3137176249654226,0.71,0.4945255863507525,0.40040757068540395,0.3169205285078828,0.425,0.20615528128088306,0.07518472981024875,0.04661617174759082,-0.285,-0.31136363636363634,-0.28837030506986944,-0.3433072660406709,-0.3252228408751552,-0.33781616434297557,-0.270304356760292,-0.2671014532178318
000000180383.jpg,5,0.41,0.2238551118717442,0.08556208292121555,0.05469359889753421,0.4076490221043239,0.22395825774122144,0.08623039841713723,0.055608828544775786,0.5916666666666667,0.3360871099202489,0.10414407590914869,0.0595203259279651,0.18401764456234276,0.1816666666666667,0.11212885217902749,0.11223199804850473,0.017913677492011462,0.018581992987933144,0.0039114973831893135,0.00482672703043089
000000184978.jpg,5,0.7888888888888889,0.45506409804920156,0.14355413357967786,0.08379613044554604,0.8999999999999999,0.6791538853603062,0.5172325860574095,0.21914249195613883,0.7888888888888889,0.635850261897843,0.49500583833765055,0.21204104131210236,-0.11111111111111105,0.0,-0.04330362346246319,0.18078616384864143,-0.022226747719758966,0.3514517047579727,-0.007101450644036472,0.12824491086655632
000000186296.jpg,5,0.61,0.3772709017845577,0.1211729118761292,0.07100348222036762,0.6065022036186283,0.4585899931244084,0.38362345580017687,0.3102240676780216,0.7363636363636363,0.549462547321554,0.41300089415322433,0.3137176249654226,0.12986143274500805,0.12636363636363634,0.09087255419714557,0.17219164553699629,0.029377438353047458,0.2918279822770951,0.003493557287401028,0.24271414274505498
000000187236.jpg,5,0.4555555555555555,0.34580823202077376,0.11954301500147993,0.07304749731871296,0.3923076923076923,0.2620187896961708,0.08545891915765172,0.049982508305877124,0.4636363636363636,0.3120314669446599,0.1026560994693118,0.06064096060971702,0.07132867132867132,0.008080808080808133,0.05001267724848907,-0.03377676507611388,0.01719718031166008,-0.01688691553216813,0.010658452303839897,-0.012406536708995941
000000190140.jpg,5,0.9047819758900849,0.718430222288005,0.5174620441652117,0.38828936703749745,0.9099999999999999,0.7180993431738165,0.5134515338461709,0.20970079729245197,0.7194005303297993,0.5819102905763779,0.4889134589686737,0.33030895572271246,-0.19059946967020058,-0.18538144556028557,-0.13618905259743863,-0.13651993171162713,-0.024538074877497207,-0.028548585196537968,0.12060815843026049,-0.057980411314784985
000000191471.jpg,5,0.6911856949758718,0.4018566761278064,0.28462304675933503,0.1376628134975824,0.7059287943757805,0.5689838139529039,0.4429506861971875,0.3455517981022916,0.8053553851329326,0.6077335987876411,0.462840053941742,0.3571246475091644,0.0994265907571521,0.1141696901570608,0.03874978483473723,0.2058769226598347,0.019889367744554465,0.17821700718240696,0.01157284940687281,0.219461834011582
000000198510.jpg,5,0.49211150632104733,0.43577661923645555,0.3557975516142419,0.28919669205255927,0.6749999999999999,0.4361505161378038,0.12390559774822121,0.06780435172006502,0.8416666666666667,0.6831854976815771,0.46106857610428664,0.18166175927105727,0.16666666666666674,0.34955516034561934,0.2470349815437733,0.24740887844512155,0.33716297835606546,0.10527102449004472,0.11385740755099225,-0.107534932781502
000000199055.jpg,5,0.5545454545454546,0.3412543706013821,0.2423458237522583,0.11549259997857537,0.36428571428571427,0.24258226201879196,0.07885797348698408,0.045950055249510964,0.7888888888888889,0.635850261897843,0.5636261324928371,0.5003343866293866,0.4246031746031746,0.2343434343434343,0.39326799987905103,0.2945958912964609,0.484768159005853,0.3212803087405788,0.4543843313798756,0.3848417866508112
000000200667.jpg,5,0.21,0.048304589153964794,0.0307819125074639,0.025406637407730748,0.41,0.06749485577105528,0.03847250399589347,0.030032281778173464,0.4555555555555555,0.07546154281781182,0.043329576080733234,0.03412326017556969,0.045555555555555516,0.2455555555555555,0.007966687046756543,0.02715695366384703,0.004857072084839764,0.012547663573269335,0.004090978397396229,0.008716622767838945
000000209613.jpg,5,0.425,0.20615528128088306,0.07518472981024875,0.04661617174759082,0.41,0.2238551118717442,0.08556208292121555,0.05469359889753421,0.7888888888888889,0.5528964138466124,0.3635192361167834,0.16821229464240012,0.3788888888888889,0.3638888888888889,0.32904130197486814,0.3467411325657293,0.27795715319556785,0.2883345063065346,0.11351869574486591,0.1215961228948093
000000213547.jpg,5,0.6454545454545454,0.447315223406167,0.1305153571027457,0.07260620127308642,0.6749999999999999,0.5015883861204414,0.30247945128271564,0.13242234674234626,0.6454545454545454,0.5144281909424906,0.395253236851989,0.3035514074967347,-0.02954545454545454,0.0,0.012839804822049161,0.06711296753632362,0.09277378556927335,0.2647378797492433,0.17112906075438844,0.23094520622364828
000000217948.jpg,5,0.2600633699250545,0.061297524137410575,0.04023690779586142,0.034470130954318876,0.5083333333333333,0.378493825256867,0.31101330198543886,0.24624746425412344,0.5063558517565273,0.06799660954287355,0.03606480294636458,0.027050160532156184,-0.001977481576805995,0.2462924818314728,-0.3104972157139934,0.006699085405462976,-0.27494849903907426,-0.004172104849496844,-0.21919730372196727,-0.007419970422162692
000000243867.jpg,5,0.9099999999999999,0.7853520088328403,0.6811993044913045,0.6116761685974473,1.011111111111111,0.8780502390081232,0.7671992728429904,0.694998308767059,0.9181818181818181,0.6843045573958478,0.544343050854983,0.4536144067081035,-0.09292929292929297,0.008181818181818179,-0.19374568161227534,-0.10104745143699245,-0.22285622198800736,-0.13685625363632148,-0.24138390205895555,-0.15806176188934384
000000260266.jpg,5,0.5545454545454546,0.24698178070456941,0.08784069740914127,0.05395097959656368,0.5545454545454546,0.41461921193920925,0.1240753316559615,0.06990231950997017,0.6316928400788151,0.44272483850555305,0.291083449038455,0.13469387595063237,0.07714738553336054,0.07714738553336054,0.0281056265663438,0.19574305780098364,0.1670081173824935,0.20324275162931374,0.0647915564406622,0.0807428963540687
000000263594.jpg,5,0.5475048849548512,0.27464560126961923,0.10427104302574754,0.06793393261494617,0.5666666666666667,0.3856812155135378,0.28592395324356584,0.14049151387377468,0.5083333333333333,0.2254624876411447,0.0798085700754437,0.048750213260168804,-0.05833333333333335,-0.039171551621517864,-0.16021872787239308,-0.04918311362847452,-0.20611538316812214,-0.024462472950303835,-0.09174130061360587,-0.019183719354777362
000000267191.jpg,5,0.7625,0.4782781617427247,0.15621999423815608,0.09344583777936015,0.5125,0.08556534679079243,0.04959998286341348,0.03952470559792078,0.4636363636363636,0.2258317958127243,0.08275150268708018,0.051589274438703696,-0.04886363636363633,-0.29886363636363633,0.14026644902193186,-0.25244636593000036,0.033151519823666695,-0.0734684915510759,0.012064568840782913,-0.041856563340656454
000000269196.jpg,5,0.6911856949758718,0.5615047942842448,0.44129985740769834,0.34834742569586796,0.6911856949758718,0.5615047942842448,0.44129985740769834,0.34834742569586796,0.8053553851329326,0.6077335987876411,0.462840053941742,0.3571246475091644,0.1141696901570608,0.1141696901570608,0.04622880450339628,0.04622880450339628,0.021540196534043654,0.021540196534043654,0.008777221813296432,0.008777221813296432
000000271728.jpg,5,0.6065022036186283,0.37744473715006555,0.2715910685085267,0.13147254337977238,0.7059287943757805,0.4947534492356176,0.32529130489562397,0.15052297481758278,0.8272727272727273,0.6495452955022389,0.3722114135950377,0.15933814909239588,0.12134393289694678,0.220770523654099,0.15479184626662135,0.2721005583521734,0.04692010869941371,0.10062034508651096,0.008815174274813098,0.027865605712623503
000000272364.jpg,5,0.4636363636363636,0.3120314669446599,0.1026560994693118,0.06064096060971702,0.3727272727272727,0.2797726349604751,0.2122854428003796,0.10457254165514088,0.6375,0.4373213921133975,0.14716913292208345,0.08935524445344915,0.26477272727272727,0.17386363636363633,0.15754875715292238,0.1252899251687376,-0.06511630987829614,0.04451303345277165,-0.015217297201691724,0.028714283843732133
000000274708.jpg,5,0.5666666666666667,0.46859719731698496,0.4038687120371973,0.3315053302214518,0.34444444444444444,0.21762608095334326,0.08778923828933324,0.057948626670717825,0.5083333333333333,0.4854707181507636,0.4180509916127717,0.3613400828154167,0.16388888888888886,-0.05833333333333335,0.26784463719742035,0.016873520833778632,0.33026175332343843,0.014182279575574386,0.30339145614469887,0.029834752593964897
000000278463.jpg,5,0.5938355970919462,0.4525620473475334,0.3821937331134479,0.17172232701544557,0.7059287943757805,0.5689838139529039,0.16055196079299497,0.0886360027354463,0.8099999999999999,0.6774953874381728,0.17902247878910055,0.09514942423279955,0.10407120562421945,0.21616440290805372,0.10851157348526896,0.22493334009063942,0.01847051799610558,-0.20317125432434735,0.006513421497353247,-0.07657290278264602
000000286708.jpg,5,0.71,0.5687217636458485,0.5004458985270953,0.44035016599384647,0.41,0.2238551118717442,0.08556208292121555,0.05469359889753421,0.51,0.2496664441476534,0.09201884722037974,0.05776078424275454,0.10000000000000003,-0.19999999999999996,0.025811332275909205,-0.3190553194981951,0.006456764299164197,-0.4084270513067156,0.0030671853452203315,-0.3825893817510919
000000313182.jpg,5,0.6454545454545454,0.3681649827800772,0.11462538735178947,0.06587006855914923,0.6065022036186283,0.37744473715006555,0.12211937942259292,0.07219163756752658,0.6454545454545454,0.447315223406167,0.29026355571005097,0.13222753033670234,0.038952341835917115,0.0,0.06987048625610143,0.07915024062608977,0.16814417628745804,0.17563816835826151,0.06003589276917576,0.06635746177755311
000000314177.jpg,5,0.4636363636363636,0.2258317958127243,0.08275150268708018,0.051589274438703696,0.61,0.2730486322169653,0.09767798108982693,0.06040501491962195,0.5666666666666667,0.2791355704074038,0.10363603164281672,0.06562892167896849,-0.043333333333333335,0.10303030303030303,0.0060869381904384845,0.05330377459467947,0.005958050552989785,0.020884528955736545,0.005223906759346537,0.01403964724026479
000000315450.jpg,5,0.51,0.0752772652709081,0.04137575134354009,0.03171647474426652,0.51,0.0752772652709081,0.04137575134354009,0.03171647474426652,0.6210299798747931,0.4012778463102829,0.31451364024920286,0.133543017399251,0.11102997987479313,0.11102997987479313,0.3260005810393748,0.3260005810393748,0.27313788890566276,0.27313788890566276,0.10182654265498449,0.10182654265498449
000000317024.jpg,5,0.8099999999999999,0.6074537019394975,0.37020563198318984,0.16408079669260256,0.8099999999999999,0.6074537019394975,0.37020563198318984,0.16408079669260256,0.6454545454545454,0.447315223406167,0.3600819740997805,0.283058831953153,-0.16454545454545455,-0.16454545454545455,-0.16013847853333057,-0.16013847853333057,-0.010123657883409354,-0.010123657883409354,0.11897803526055045,0.11897803526055045
000000332318.jpg,5,0.6065022036186283,0.37744473715006555,0.12211937942259292,0.07219163756752658,0.5938355970919462,0.37248340689118603,0.2705788782832193,0.13253619945706288,0.46923076923076923,0.20739532423085266,0.07312542652064857,0.04446838009626367,-0.12460482786117699,-0.13727143438785905,-0.16508808266033337,-0.17004941291921288,-0.19745345176257073,-0.048993952901944346,-0.08806781936079922,-0.027723257471262912
000000333772.jpg,5,0.4964854992080206,0.24649822518152256,0.09239197287018365,0.059202462912096326,0.6454545454545454,0.5144281909424906,0.14326353737290545,0.07786266352248718,0.7363636363636363,0.549462547321554,0.33292171414036453,0.14654941690404139,0.09090909090909094,0.23987813715561573,0.03503435637906338,0.30296432214003144,0.18965817676745908,0.2405297412701809,0.06868675338155421,0.08734695399194506
000000336658.jpg,5,0.34444444444444444,0.06561673228343178,0.039473931741385374,0.03181961911289835,0.5083333333333333,0.2254624876411447,0.0798085700754437,0.048750213260168804,0.3416666666666666,0.18484227510682363,0.06990917926875483,0.04414078224744876,-0.16666666666666669,-0.0027777777777778234,-0.040620212534321076,0.11922554282339186,-0.009899390806688876,0.030435247527369452,-0.004609431012720044,0.012321163134550409
000000345361.jpg,5,0.21,0.048304589153964794,0.0307819125074639,0.025406637407730748,0.7059287943757805,0.4947534492356176,0.32529130489562397,0.15052297481758278,0.51,0.2496664441476534,0.09201884722037974,0.05776078424275454,-0.19592879437578048,0.30000000000000004,-0.2450870050879642,0.2013618549936886,-0.23327245767524424,0.061236934712915844,-0.09276219057482823,0.03235414683502379
000000372317.jpg,5,0.672903888220754,0.42207899631180873,0.13786366103695608,0.0824656623997079,0.9099999999999999,0.9049861877399012,0.854754212719419,0.7776826170730878,0.425,0.20615528128088306,0.07518472981024875,0.04661617174759082,-0.48499999999999993,-0.247903888220754,-0.6988309064590181,-0.21592371503092567,-0.7795694829091703,-0.06267893122670733,-0.731066445325497,-0.03584949065211708
000000377113.jpg,5,0.425,0.20615528128088306,0.07518472981024875,0.04661617174759082,0.61,0.2730486322169653,0.09767798108982693,0.06040501491962195,0.41,0.06749485577105528,0.03847250399589347,0.030032281778173464,-0.2,-0.015000000000000013,-0.20555377644591,-0.13866042550982777,-0.059205477093933465,-0.03671222581435528,-0.030372733141448484,-0.016583889969417356
000000378453.jpg,5,0.5938355970919462,0.5204622224422414,0.477681493014679,0.4345329652251006,0.6065022036186283,0.4585899931244084,0.38362345580017687,0.3102240676780216,0.7059287943757805,0.5689838139529039,0.5043548233386158,0.44771888071017696,0.09942659075715221,0.11209319728383427,0.11039382082849547,0.04852159151066249,0.12073136753843894,0.026673330323936817,0.13749481303215538,0.01318591548507636
000000393093.jpg,5,0.51,0.3449637662132068,0.11415256069762633,0.0678953034358522,0.672903888220754,0.5128199838686133,0.3491093673077771,0.1655415140019473,0.6749999999999999,0.4361505161378038,0.12390559774822121,0.06780435172006502,0.002096111779245957,0.16499999999999992,-0.07666946773080946,0.09118674992459702,-0.22520376955955587,0.009753037050594882,-0.09773716228188228,-9.09517157871853e-05
000000402433.jpg,5,0.4636363636363636,0.3791137991781264,0.25995396949750793,0.12173062263428278,0.71,0.6937018251541667,0.674437879825607,0.6510703532530103,0.3727272727272727,0.20248456731316586,0.07694500799178694,0.04884980563468046,-0.3372727272727273,-0.09090909090909094,-0.4912172578410008,-0.17662923186496052,-0.59749287183382,-0.183008961505721,-0.6022205476183299,-0.07288081699960232
000000407960.jpg,5,0.71,0.4945255863507525,0.32277018445850536,0.1480456147877248,0.5545454545454546,0.41461921193920925,0.27594106733364315,0.12730332824940982,0.8099999999999999,0.5282045058497703,0.15164848364446992,0.08401446072467171,0.2554545454545454,0.09999999999999998,0.11358529391056105,0.0336789194990178,-0.12429258368917323,-0.17112170081403544,-0.04328886752473811,-0.06403115406305308
000000415990.jpg,5,0.7832160010438284,0.45536327090880047,0.1450193580914412,0.08565550505741928,0.7832160010438284,0.5532599046205529,0.367229594585564,0.1719448019598623,0.8999999999999999,0.5905505905508858,0.1707937832770711,0.0954588573386951,0.11678399895617153,0.11678399895617153,0.03729068593033291,0.1351873196420853,-0.19643581130849289,0.02577442518562989,-0.07648594462116722,0.00980335228127581
000000416269.jpg,5,0.4746198847726262,0.3996824540197529,0.28395022267084136,0.13895849785419237,0.71,0.4945255863507525,0.32277018445850536,0.1480456147877248,0.8416666666666667,0.7370600896518381,0.5522331775892768,0.20798463095893957,0.1316666666666667,0.3670467818940405,0.2425345033010856,0.3373776356320852,0.22946299313077145,0.26828295491843546,0.059939016171214776,0.0690261331047472
000000422836.jpg,5,0.5916666666666667,0.4083410636250342,0.2637219422147063,0.11948106134462574,0.5083333333333333,0.31152119437600795,0.2201857934635484,0.10435934474275105,0.51,0.2496664441476534,0.09201884722037974,0.05776078424275454,0.0016666666666667052,-0.08166666666666667,-0.061854750228354544,-0.1586746194773808,-0.12816694624316866,-0.17170309499432657,-0.04659856049999651,-0.0617202771018712
000000430377.jpg,5,0.4636363636363636,0.3120314669446599,0.1026560994693118,0.06064096060971702,0.4636363636363636,0.3120314669446599,0.1026560994693118,0.06064096060971702,0.5071428571428571,0.20715233021158103,0.07097947780878297,0.04246209607932275,0.04350649350649349,0.04350649350649349,-0.10487913673307886,-0.10487913673307886,-0.03167662166052883,-0.03167662166052883,-0.018178864530394273,-0.018178864530394273
000000431848.jpg,5,0.6375,0.4373213921133975,0.14716913292208345,0.08935524445344915,0.6375,0.4373213921133975,0.14716913292208345,0.08935524445344915,0.6777777777777777,0.42180169116145877,0.13647073516767036,0.08067553158541245,0.040277777777777746,0.040277777777777746,-0.01551970095193872,-0.01551970095193872,-0.010698397754413086,-0.010698397754413086,-0.008679712868036704,-0.008679712868036704
000000439994.jpg,5,0.5666666666666667,0.46859719731698496,0.1463863035797351,0.08503300378609364,0.71,0.4070217029430577,0.28347359452910215,0.13431049448889987,0.61,0.527151675411251,0.33681489839971945,0.15285123783076204,-0.09999999999999998,0.043333333333333335,0.12012997246819329,0.058554478094266005,0.05334130387061731,0.19042859481998436,0.018540743341862176,0.0678182340446684
000000449996.jpg,5,0.6777777777777777,0.42180169116145877,0.3035081979582565,0.1469230742428875,0.6777777777777777,0.42180169116145877,0.3035081979582565,0.1469230742428875,0.6454545454545454,0.5144281909424906,0.31861525482187475,0.14180039063457348,-0.03232323232323231,-0.03232323232323231,0.09262649978103182,0.09262649978103182,0.01510705686361824,0.01510705686361824,-0.005122683608314027,-0.005122683608314027
000000456015.jpg,5,1.011111111111111,0.8780502390081232,0.7671992728429904,0.6305189562912508,1.011111111111111,0.8780502390081232,0.7671992728429904,0.6305189562912508,1.01,0.8926240965702067,0.7978828569351959,0.6886844293192194,-0.0011111111111110628,-0.0011111111111110628,0.014573857562083514,0.014573857562083514,0.030683584092205507,0.030683584092205507,0.058165473027968595,0.058165473027968595
000000460147.jpg,5,0.6911856949758718,0.4018566761278064,0.12797913433050315,0.07559071790249167,0.6454545454545454,0.447315223406167,0.1305153571027457,0.07260620127308642,0.8099999999999999,0.43474130238568315,0.296202123331855,0.13880867720714615,0.16454545454545455,0.11881430502412815,-0.012573921020483825,0.03288462625787675,0.16568676622910933,0.16822298900135188,0.06620247593405973,0.06321795930465449
000000463522.jpg,5,0.4964854992080206,0.3405862426317909,0.25490244765509823,0.12673442480530395,0.7885357928597974,0.7315428887973839,0.6579297489972434,0.5524634617948979,0.9099999999999999,0.5598610938835136,0.15764862839752128,0.08649542509571138,0.12146420714020256,0.4135145007919793,-0.17168179491387037,0.2192748512517227,-0.5002811205997222,-0.09725381925757695,-0.4659680366991865,-0.04023899970959256
000000469652.jpg,5,0.6548587839656062,0.6467571262637081,0.6364105737285279,0.6224542423276874,0.5475048849548512,0.37947743162404085,0.28767590150021094,0.14542583958881822,0.7363636363636363,0.47777895231239237,0.3032969672889398,0.13665595265843017,0.18885875140878516,0.08150485239803018,0.09830152068835152,-0.1689781739513157,0.01562106578872885,-0.33311360643958815,-0.008769886930388049,-0.48579828966925725
000000475732.jpg,5,0.5475048849548512,0.37947743162404085,0.28767590150021094,0.14542583958881822,0.5625917753976796,0.3859347739740566,0.28884231424332224,0.1436089174184442,0.46923076923076923,0.2865578207192828,0.20174750713599848,0.095193245285951,-0.09336100616691034,-0.07827411572408194,-0.0993769532547738,-0.09291961090475803,-0.08709480710732376,-0.08592839436421246,-0.048415672132493204,-0.05023259430286722
000000476704.jpg,5,0.9099999999999999,0.8472832400613675,0.7706298139760512,0.7195414372996388,0.9099999999999999,0.8472832400613675,0.7706298139760512,0.7195414372996388,0.5916666666666667,0.4083410636250342,0.2637219422147063,0.11948106134462574,-0.31833333333333325,-0.31833333333333325,-0.43894217643633326,-0.43894217643633326,-0.5069078717613449,-0.5069078717613449,-0.600060375955013,-0.600060375955013
000000476810.jpg,5,0.672903888220754,0.5897609622401483,0.38320887289268196,0.1775262026897224,0.672903888220754,0.5897609622401483,0.38320887289268196,0.1775262026897224,0.8099999999999999,0.6074537019394975,0.37020563198318984,0.16408079669260256,0.13709611177924597,0.13709611177924597,0.017692739699349258,0.017692739699349258,-0.01300324090949212,-0.01300324090949212,-0.013445405997119853,-0.013445405997119853
000000479099.jpg,5,0.7329183086091272,0.5496468392393203,0.47315479192238974,0.41178960919173474,0.3522357553803732,0.26949277816656053,0.2091663200229635,0.10590371817063313,0.7329183086091272,0.39337019756425184,0.12051131466008567,0.06896662857896074,0.380682553228754,0.0,0.12387741939769131,-0.1562766416750685,-0.08865500536287783,-0.35264347726230405,-0.036937089591672384,-0.342822980612774
000000493566.jpg,5,0.38155716226818964,0.21347027974265137,0.08404777274573234,0.055763253851564075,0.51,0.2496664441476534,0.09201884722037974,0.05776078424275454,0.5916666666666667,0.3360871099202489,0.10414407590914869,0.0595203259279651,0.08166666666666667,0.21010950439847703,0.08642066577259552,0.12261683017759756,0.012125228688768946,0.020096303163416346,0.0017595416852105583,0.0037570720764010246
000000493613.jpg,5,0.37098334139474337,0.2025524814401799,0.07741977419221134,0.049488814809539254,0.2818181818181818,0.1760681686165901,0.0700981239153807,0.04555198421947671,0.5427220175325032,0.337752390726544,0.24303036619705476,0.11764680089780309,0.26090383571432135,0.17173867613775978,0.1616842221099539,0.1351999092863641,0.17293224228167406,0.1656105920048434,0.07209481667832637,0.06815798608826384
000000507975.jpg,5,0.6777777777777777,0.42180169116145877,0.13647073516767036,0.08067553158541245,0.6777777777777777,0.42180169116145877,0.13647073516767036,0.08067553158541245,0.5666666666666667,0.2791355704074038,0.10363603164281672,0.06562892167896849,-0.11111111111111105,-0.11111111111111105,-0.142666120754055,-0.142666120754055,-0.03283470352485364,-0.03283470352485364,-0.015046609906443964,-0.015046609906443964
000000512564.jpg,5,0.4555555555555555,0.07546154281781182,0.043329576080733234,0.03412326017556969,0.8099999999999999,0.43474130238568315,0.296202123331855,0.13880867720714615,0.6230769230769231,0.5145946874071791,0.3697592683021762,0.14994752491763133,-0.18692307692307686,0.1675213675213676,0.07985338502149592,0.43913314458936725,0.07355714497032118,0.32642969222144297,0.011138847710485178,0.11582426474206164
000000512776.jpg,5,0.4746198847726262,0.3289605989288417,0.11213224540935723,0.0692231470800706,0.71,0.4070217029430577,0.12746228967208784,0.07374995790299528,0.9099999999999999,0.643859888139924,0.3848532389154271,0.16892613649547544,0.19999999999999996,0.43538011522737374,0.23683818519686634,0.3148992892110823,0.2573909492433393,0.2727209935060699,0.09517617859248016,0.09970298941540484
000000519491.jpg,5,0.6065022036186283,0.5273945714409732,0.4210941495098249,0.3326833214609285,0.7059287943757805,0.694021462607675,0.6320123414031551,0.58449802015048,0.7059287943757805,0.694021462607675,0.6320123414031551,0.58449802015048,0.0,0.09942659075715221,0.0,0.16662689116670182,0.0,0.21091819189333022,0.0,0.25181469868955153
000000521052.jpg,5,0.34444444444444444,0.06561673228343178,0.039473931741385374,0.03181961911289835,0.46146708319833935,0.2259075406927818,0.08326209612953384,0.05226411887794615,0.5545454545454546,0.3412543706013821,0.2423458237522583,0.11549259997857537,0.09307837134711522,0.21010101010101012,0.11534682990860029,0.2756376383179503,0.15908372762272446,0.2028718920108729,0.06322848110062923,0.08367298086567702
000000521141.jpg,5,0.3522357553803732,0.26949277816656053,0.2091663200229635,0.10590371817063313,0.6424345668055312,0.5739361227422217,0.4869934565426775,0.42078988926185473,0.8272727272727273,0.6495452955022389,0.3722114135950377,0.15933814909239588,0.18483816046719603,0.47503697189235405,0.07560917276001722,0.3800525173356784,-0.11478204294763983,0.16304509357207417,-0.2614517401694588,0.053434430921762754
000000538364.jpg,5,0.4964854992080206,0.24649822518152256,0.09239197287018365,0.059202462912096326,0.6911856949758718,0.5615047942842448,0.35573362444964174,0.1627263119863922,0.7363636363636363,0.47777895231239237,0.3032969672889398,0.13665595265843017,0.04517794138776454,0.23987813715561573,-0.08372584197185245,0.2312807271308698,-0.05243665716070195,0.21090499441875615,-0.026070359327962034,0.07745348974633384
000000540280.jpg,5,0.41,0.2238551118717442,0.08556208292121555,0.05469359889753421,0.5666666666666667,0.3856812155135378,0.12856407953291182,0.07714395865600263,0.5083333333333333,0.31152119437600795,0.09900528983925533,0.05730376699788073,-0.05833333333333335,0.09833333333333333,-0.07416002113752984,0.08766608250426375,-0.029558789693656495,0.013443206918039782,-0.019840191658121897,0.002610168100346519
000000547886.jpg,5,1.011111111111111,0.9472914604867454,0.8679201945971782,0.7623641333660405,1.011111111111111,0.9472914604867454,0.8679201945971782,0.7623641333660405,1.01,0.9534149149242421,0.8849822844294452,0.7982195990078911,-0.0011111111111110628,-0.0011111111111110628,0.006123454437496734,0.006123454437496734,0.01706208983226698,0.01706208983226698,0.035855465641850603,0.035855465641850603
000000563653.jpg,5,0.8999999999999999,0.6791538853603062,0.41694330834935317,0.18643177886755144,0.5545454545454546,0.3412543706013821,0.10896942143498252,0.06341704286727459,0.6749999999999999,0.3589758158478595,0.1088203522729057,0.06151371670872561,0.12045454545454537,-0.22499999999999998,0.017721445246477396,-0.3201780695124467,-0.00014906916207682586,-0.30812295607644746,-0.0019033261585489833,-0.12491806215882584
000000568439.jpg,5,0.7329183086091272,0.47793920126806605,0.1372172223899306,0.07601942771979547,0.7888888888888889,0.5528964138466124,0.4509581777980095,0.3600912421217717,0.6749999999999999,0.5015883861204414,0.37523621481195535,0.28347587448647765,-0.11388888888888893,-0.05791830860912728,-0.051308027726170935,0.023649184852375382,-0.07572196298605416,0.23801899242202476,-0.07661536763529403,0.20745644676668218
