class_id,class_name,support,predicted_positives,precision,recall,f1
0,person,411,391,0.9104859335038363,0.8661800486618005,0.8877805486284289
1,bicycle,17,1,0.0,0.0,0.0
2,car,85,52,0.6153846153846154,0.3764705882352941,0.46715328467153283
3,motorcycle,22,10,1.0,0.45454545454545453,0.625
4,airplane,13,10,1.0,0.7692307692307693,0.8695652173913043
5,bus,28,25,0.76,0.6785714285714286,0.7169811320754716
6,train,31,23,0.9565217391304348,0.7096774193548387,0.8148148148148148
7,truck,42,17,0.47058823529411764,0.19047619047619047,0.2711864406779661
8,boat,18,8,0.875,0.3888888888888889,0.5384615384615384
9,traffic light,28,2,1.0,0.07142857142857142,0.13333333333333333
10,fire hydrant,14,3,1.0,0.21428571428571427,0.35294117647058826
11,stop sign,11,3,1.0,0.2727272727272727,0.42857142857142855
12,parking meter,4,0,0.0,0.0,0.0
13,bench,37,9,0.7777777777777778,0.1891891891891892,0.30434782608695654
14,bird,20,5,1.0,0.25,0.4
15,cat,25,10,1.0,0.4,0.5714285714285714
16,dog,22,14,0.8571428571428571,0.5454545454545454,0.6666666666666666
17,horse,17,10,0.9,0.5294117647058824,0.6666666666666666
18,sheep,8,8,0.5,0.5,0.5
19,cow,13,4,1.0,0.3076923076923077,0.47058823529411764
20,elephant,12,8,1.0,0.6666666666666666,0.8
21,bear,6,4,1.0,0.6666666666666666,0.8
22,zebra,13,11,1.0,0.8461538461538461,0.9166666666666666
23,giraffe,16,13,1.0,0.8125,0.896551724137931
24,backpack,40,9,0.4444444444444444,0.1,0.16326530612244897
25,umbrella,24,3,1.0,0.125,0.2222222222222222
26,handbag,43,36,0.4166666666666667,0.3488372093023256,0.379746835443038
27,tie,26,6,1.0,0.23076923076923078,0.375
28,suitcase,24,5,0.8,0.16666666666666666,0.27586206896551724
29,frisbee,16,6,0.6666666666666666,0.25,0.36363636363636365
30,skis,17,16,0.875,0.8235294117647058,0.8484848484848485
31,snowboard,4,0,0.0,0.0,0.0
32,sports ball,33,1,1.0,0.030303030303030304,0.058823529411764705
33,kite,19,8,0.875,0.3684210526315789,0.5185185185185185
34,baseball bat,14,7,0.7142857142857143,0.35714285714285715,0.47619047619047616
35,baseball glove,14,4,1.0,0.2857142857142857,0.4444444444444444
36,skateboard,12,10,0.9,0.75,0.8181818181818182
37,surfboard,26,15,0.9333333333333333,0.5384615384615384,0.6829268292682927
38,tennis racket,22,27,0.7037037037037037,0.8636363636363636,0.7755102040816326
39,bottle,53,7,0.7142857142857143,0.09433962264150944,0.16666666666666666
40,wine glass,20,9,0.5555555555555556,0.25,0.3448275862068966
41,cup,53,41,0.6585365853658537,0.5094339622641509,0.574468085106383
42,fork,22,33,0.45454545454545453,0.6818181818181818,0.5454545454545454
43,knife,30,11,0.5454545454545454,0.2,0.2926829268292683
44,spoon,25,16,0.5625,0.36,0.43902439024390244
45,bowl,44,21,0.5714285714285714,0.2727272727272727,0.36923076923076925
46,banana,9,1,1.0,0.1111111111111111,0.2
47,apple,12,4,0.75,0.25,0.375
48,sandwich,19,2,1.0,0.10526315789473684,0.19047619047619047
49,orange,8,5,0.4,0.25,0.3076923076923077
50,broccoli,10,2,1.0,0.2,0.3333333333333333
51,carrot,13,1,1.0,0.07692307692307693,0.14285714285714285
52,hot dog,7,0,0.0,0.0,0.0
53,pizza,24,13,0.9230769230769231,0.5,0.6486486486486487
54,donut,17,0,0.0,0.0,0.0
55,cake,19,6,0.6666666666666666,0.21052631578947367,0.32
56,chair,75,34,0.7058823529411765,0.32,0.44036697247706424
57,couch,28,15,0.7333333333333333,0.39285714285714285,0.5116279069767442
58,potted plant,28,1,0.0,0.0,0.0
59,bed,24,9,0.8888888888888888,0.3333333333333333,0.48484848484848486
60,dining table,73,69,0.6666666666666666,0.6301369863013698,0.647887323943662
61,toilet,27,14,0.9285714285714286,0.48148148148148145,0.6341463414634146
62,tv,35,18,0.7777777777777778,0.4,0.5283018867924528
63,laptop,34,12,0.9166666666666666,0.3235294117647059,0.4782608695652174
64,mouse,13,10,0.8,0.6153846153846154,0.6956521739130435
65,remote,15,2,1.0,0.13333333333333333,0.23529411764705882
66,keyboard,17,11,0.8181818181818182,0.5294117647058824,0.6428571428571429
67,cell phone,24,2,1.0,0.08333333333333333,0.15384615384615385
68,microwave,9,5,0.6,0.3333333333333333,0.42857142857142855
69,oven,16,14,0.5714285714285714,0.5,0.5333333333333333
70,toaster,3,0,0.0,0.0,0.0
71,sink,24,15,0.8,0.5,0.6153846153846154
72,refrigerator,10,8,0.5,0.4,0.4444444444444444
73,book,30,12,0.6666666666666666,0.26666666666666666,0.38095238095238093
74,clock,25,7,1.0,0.28,0.4375
75,vase,18,17,0.5882352941176471,0.5555555555555556,0.5714285714285714
76,scissors,3,0,0.0,0.0,0.0
77,teddy bear,20,6,1.0,0.3,0.46153846153846156
78,hair drier,3,0,0.0,0.0,0.0
79,toothbrush,4,0,0.0,0.0,0.0
