threshold,class_id,class_name,support,predicted_positives,precision,recall,f1
0.5,0,person,411,391,0.9104859335038363,0.8661800486618005,0.8877805486284289
0.5,1,bicycle,17,1,0.0,0.0,0.0
0.5,2,car,85,52,0.6153846153846154,0.3764705882352941,0.46715328467153283
0.5,3,motorcycle,22,10,1.0,0.45454545454545453,0.625
0.5,4,airplane,13,10,1.0,0.7692307692307693,0.8695652173913043
0.5,5,bus,28,25,0.76,0.6785714285714286,0.7169811320754716
0.5,6,train,31,23,0.9565217391304348,0.7096774193548387,0.8148148148148148
0.5,7,truck,42,17,0.47058823529411764,0.19047619047619047,0.2711864406779661
0.5,8,boat,18,8,0.875,0.3888888888888889,0.5384615384615384
0.5,9,traffic light,28,2,1.0,0.07142857142857142,0.13333333333333333
0.5,10,fire hydrant,14,3,1.0,0.21428571428571427,0.35294117647058826
0.5,11,stop sign,11,3,1.0,0.2727272727272727,0.42857142857142855
0.5,12,parking meter,4,0,0.0,0.0,0.0
0.5,13,bench,37,9,0.7777777777777778,0.1891891891891892,0.30434782608695654
0.5,14,bird,20,5,1.0,0.25,0.4
0.5,15,cat,25,10,1.0,0.4,0.5714285714285714
0.5,16,dog,22,14,0.8571428571428571,0.5454545454545454,0.6666666666666666
0.5,17,horse,17,10,0.9,0.5294117647058824,0.6666666666666666
0.5,18,sheep,8,8,0.5,0.5,0.5
0.5,19,cow,13,4,1.0,0.3076923076923077,0.47058823529411764
0.5,20,elephant,12,8,1.0,0.6666666666666666,0.8
0.5,21,bear,6,4,1.0,0.6666666666666666,0.8
0.5,22,zebra,13,11,1.0,0.8461538461538461,0.9166666666666666
0.5,23,giraffe,16,13,1.0,0.8125,0.896551724137931
0.5,24,backpack,40,9,0.4444444444444444,0.1,0.16326530612244897
0.5,25,umbrella,24,3,1.0,0.125,0.2222222222222222
0.5,26,handbag,43,36,0.4166666666666667,0.3488372093023256,0.379746835443038
0.5,27,tie,26,6,1.0,0.23076923076923078,0.375
0.5,28,suitcase,24,5,0.8,0.16666666666666666,0.27586206896551724
0.5,29,frisbee,16,6,0.6666666666666666,0.25,0.36363636363636365
0.5,30,skis,17,16,0.875,0.8235294117647058,0.8484848484848485
0.5,31,snowboard,4,0,0.0,0.0,0.0
0.5,32,sports ball,33,1,1.0,0.030303030303030304,0.058823529411764705
0.5,33,kite,19,8,0.875,0.3684210526315789,0.5185185185185185
0.5,34,baseball bat,14,7,0.7142857142857143,0.35714285714285715,0.47619047619047616
0.5,35,baseball glove,14,4,1.0,0.2857142857142857,0.4444444444444444
0.5,36,skateboard,12,10,0.9,0.75,0.8181818181818182
0.5,37,surfboard,26,15,0.9333333333333333,0.5384615384615384,0.6829268292682927
0.5,38,tennis racket,22,27,0.7037037037037037,0.8636363636363636,0.7755102040816326
0.5,39,bottle,53,7,0.7142857142857143,0.09433962264150944,0.16666666666666666
0.5,40,wine glass,20,9,0.5555555555555556,0.25,0.3448275862068966
0.5,41,cup,53,41,0.6585365853658537,0.5094339622641509,0.574468085106383
0.5,42,fork,22,33,0.45454545454545453,0.6818181818181818,0.5454545454545454
0.5,43,knife,30,11,0.5454545454545454,0.2,0.2926829268292683
0.5,44,spoon,25,16,0.5625,0.36,0.43902439024390244
0.5,45,bowl,44,21,0.5714285714285714,0.2727272727272727,0.36923076923076925
0.5,46,banana,9,1,1.0,0.1111111111111111,0.2
0.5,47,apple,12,4,0.75,0.25,0.375
0.5,48,sandwich,19,2,1.0,0.10526315789473684,0.19047619047619047
0.5,49,orange,8,5,0.4,0.25,0.3076923076923077
0.5,50,broccoli,10,2,1.0,0.2,0.3333333333333333
0.5,51,carrot,13,1,1.0,0.07692307692307693,0.14285714285714285
0.5,52,hot dog,7,0,0.0,0.0,0.0
0.5,53,pizza,24,13,0.9230769230769231,0.5,0.6486486486486487
0.5,54,donut,17,0,0.0,0.0,0.0
0.5,55,cake,19,6,0.6666666666666666,0.21052631578947367,0.32
0.5,56,chair,75,34,0.7058823529411765,0.32,0.44036697247706424
0.5,57,couch,28,15,0.7333333333333333,0.39285714285714285,0.5116279069767442
0.5,58,potted plant,28,1,0.0,0.0,0.0
0.5,59,bed,24,9,0.8888888888888888,0.3333333333333333,0.48484848484848486
0.5,60,dining table,73,69,0.6666666666666666,0.6301369863013698,0.647887323943662
0.5,61,toilet,27,14,0.9285714285714286,0.48148148148148145,0.6341463414634146
0.5,62,tv,35,18,0.7777777777777778,0.4,0.5283018867924528
0.5,63,laptop,34,12,0.9166666666666666,0.3235294117647059,0.4782608695652174
0.5,64,mouse,13,10,0.8,0.6153846153846154,0.6956521739130435
0.5,65,remote,15,2,1.0,0.13333333333333333,0.23529411764705882
0.5,66,keyboard,17,11,0.8181818181818182,0.5294117647058824,0.6428571428571429
0.5,67,cell phone,24,2,1.0,0.08333333333333333,0.15384615384615385
0.5,68,microwave,9,5,0.6,0.3333333333333333,0.42857142857142855
0.5,69,oven,16,14,0.5714285714285714,0.5,0.5333333333333333
0.5,70,toaster,3,0,0.0,0.0,0.0
0.5,71,sink,24,15,0.8,0.5,0.6153846153846154
0.5,72,refrigerator,10,8,0.5,0.4,0.4444444444444444
0.5,73,book,30,12,0.6666666666666666,0.26666666666666666,0.38095238095238093
0.5,74,clock,25,7,1.0,0.28,0.4375
0.5,75,vase,18,17,0.5882352941176471,0.5555555555555556,0.5714285714285714
0.5,76,scissors,3,0,0.0,0.0,0.0
0.5,77,teddy bear,20,6,1.0,0.3,0.46153846153846156
0.5,78,hair drier,3,0,0.0,0.0,0.0
0.5,79,toothbrush,4,0,0.0,0.0,0.0
0.3,0,person,411,433,0.859122401847575,0.9051094890510949,0.8815165876777251
0.3,1,bicycle,17,7,0.42857142857142855,0.17647058823529413,0.25
0.3,2,car,85,88,0.4772727272727273,0.49411764705882355,0.48554913294797686
0.3,3,motorcycle,22,16,0.8125,0.5909090909090909,0.6842105263157895
0.3,4,airplane,13,11,1.0,0.8461538461538461,0.9166666666666666
0.3,5,bus,28,38,0.6052631578947368,0.8214285714285714,0.696969696969697
0.3,6,train,31,27,0.8518518518518519,0.7419354838709677,0.7931034482758621
0.3,7,truck,42,35,0.42857142857142855,0.35714285714285715,0.38961038961038963
0.3,8,boat,18,13,0.8461538461538461,0.6111111111111112,0.7096774193548387
0.3,9,traffic light,28,11,0.5454545454545454,0.21428571428571427,0.3076923076923077
0.3,10,fire hydrant,14,5,0.8,0.2857142857142857,0.42105263157894735
0.3,11,stop sign,11,8,0.75,0.5454545454545454,0.631578947368421
0.3,12,parking meter,4,0,0.0,0.0,0.0
0.3,13,bench,37,28,0.5357142857142857,0.40540540540540543,0.46153846153846156
0.3,14,bird,20,10,1.0,0.5,0.6666666666666666
0.3,15,cat,25,14,1.0,0.56,0.717948717948718
0.3,16,dog,22,18,0.6666666666666666,0.5454545454545454,0.6
0.3,17,horse,17,14,0.8571428571428571,0.7058823529411765,0.7741935483870968
0.3,18,sheep,8,12,0.5,0.75,0.6
0.3,19,cow,13,9,0.7777777777777778,0.5384615384615384,0.6363636363636364
0.3,20,elephant,12,9,1.0,0.75,0.8571428571428571
0.3,21,bear,6,4,1.0,0.6666666666666666,0.8
0.3,22,zebra,13,11,1.0,0.8461538461538461,0.9166666666666666
0.3,23,giraffe,16,13,1.0,0.8125,0.896551724137931
0.3,24,backpack,40,54,0.3148148148148148,0.425,0.3617021276595745
0.3,25,umbrella,24,7,1.0,0.2916666666666667,0.45161290322580644
0.3,26,handbag,43,71,0.323943661971831,0.5348837209302325,0.40350877192982454
0.3,27,tie,26,11,0.9090909090909091,0.38461538461538464,0.5405405405405406
0.3,28,suitcase,24,10,0.7,0.2916666666666667,0.4117647058823529
0.3,29,frisbee,16,11,0.7272727272727273,0.5,0.5925925925925926
0.3,30,skis,17,18,0.8333333333333334,0.8823529411764706,0.8571428571428571
0.3,31,snowboard,4,0,0.0,0.0,0.0
0.3,32,sports ball,33,12,0.8333333333333334,0.30303030303030304,0.4444444444444444
0.3,33,kite,19,12,0.8333333333333334,0.5263157894736842,0.6451612903225806
0.3,34,baseball bat,14,11,0.7272727272727273,0.5714285714285714,0.64
0.3,35,baseball glove,14,7,0.8571428571428571,0.42857142857142855,0.5714285714285714
0.3,36,skateboard,12,14,0.7857142857142857,0.9166666666666666,0.8461538461538461
0.3,37,surfboard,26,17,0.9411764705882353,0.6153846153846154,0.7441860465116279
0.3,38,tennis racket,22,29,0.7241379310344828,0.9545454545454546,0.8235294117647058
0.3,39,bottle,53,50,0.42,0.39622641509433965,0.4077669902912621
0.3,40,wine glass,20,28,0.2857142857142857,0.4,0.3333333333333333
0.3,41,cup,53,92,0.34782608695652173,0.6037735849056604,0.4413793103448276
0.3,42,fork,22,64,0.3125,0.9090909090909091,0.46511627906976744
0.3,43,knife,30,44,0.38636363636363635,0.5666666666666667,0.4594594594594595
0.3,44,spoon,25,55,0.34545454545454546,0.76,0.475
0.3,45,bowl,44,67,0.417910447761194,0.6363636363636364,0.5045045045045045
0.3,46,banana,9,3,1.0,0.3333333333333333,0.5
0.3,47,apple,12,7,0.42857142857142855,0.25,0.3157894736842105
0.3,48,sandwich,19,9,0.7777777777777778,0.3684210526315789,0.5
0.3,49,orange,8,8,0.375,0.375,0.375
0.3,50,broccoli,10,3,1.0,0.3,0.46153846153846156
0.3,51,carrot,13,8,0.375,0.23076923076923078,0.2857142857142857
0.3,52,hot dog,7,3,0.3333333333333333,0.14285714285714285,0.2
0.3,53,pizza,24,20,0.65,0.5416666666666666,0.5909090909090909
0.3,54,donut,17,1,1.0,0.058823529411764705,0.1111111111111111
0.3,55,cake,19,18,0.4444444444444444,0.42105263157894735,0.43243243243243246
0.3,56,chair,75,83,0.5060240963855421,0.56,0.5316455696202531
0.3,57,couch,28,26,0.5384615384615384,0.5,0.5185185185185185
0.3,58,potted plant,28,13,0.23076923076923078,0.10714285714285714,0.14634146341463414
0.3,59,bed,24,14,0.7857142857142857,0.4583333333333333,0.5789473684210527
0.3,60,dining table,73,112,0.5178571428571429,0.7945205479452054,0.6270270270270271
0.3,61,toilet,27,17,0.9411764705882353,0.5925925925925926,0.7272727272727273
0.3,62,tv,35,30,0.6,0.5142857142857142,0.5538461538461539
0.3,63,laptop,34,19,0.8947368421052632,0.5,0.6415094339622641
0.3,64,mouse,13,12,0.75,0.6923076923076923,0.72
0.3,65,remote,15,7,0.5714285714285714,0.26666666666666666,0.36363636363636365
0.3,66,keyboard,17,14,0.7857142857142857,0.6470588235294118,0.7096774193548387
0.3,67,cell phone,24,4,0.5,0.08333333333333333,0.14285714285714285
0.3,68,microwave,9,9,0.5555555555555556,0.5555555555555556,0.5555555555555556
0.3,69,oven,16,20,0.5,0.625,0.5555555555555556
0.3,70,toaster,3,0,0.0,0.0,0.0
0.3,71,sink,24,22,0.6818181818181818,0.625,0.6521739130434783
0.3,72,refrigerator,10,14,0.35714285714285715,0.5,0.4166666666666667
0.3,73,book,30,46,0.34782608695652173,0.5333333333333333,0.42105263157894735
0.3,74,clock,25,11,1.0,0.44,0.6111111111111112
0.3,75,vase,18,23,0.5217391304347826,0.6666666666666666,0.5853658536585366
0.3,76,scissors,3,0,0.0,0.0,0.0
0.3,77,teddy bear,20,6,1.0,0.3,0.46153846153846156
0.3,78,hair drier,3,0,0.0,0.0,0.0
0.3,79,toothbrush,4,0,0.0,0.0,0.0
0.2,0,person,411,470,0.8170212765957446,0.9343065693430657,0.8717366628830874
0.2,1,bicycle,17,19,0.3157894736842105,0.35294117647058826,0.3333333333333333
0.2,2,car,85,118,0.4406779661016949,0.611764705882353,0.5123152709359606
0.2,3,motorcycle,22,22,0.7272727272727273,0.7272727272727273,0.7272727272727273
0.2,4,airplane,13,11,1.0,0.8461538461538461,0.9166666666666666
0.2,5,bus,28,48,0.4791666666666667,0.8214285714285714,0.6052631578947368
0.2,6,train,31,31,0.8064516129032258,0.8064516129032258,0.8064516129032258
0.2,7,truck,42,57,0.3333333333333333,0.4523809523809524,0.3838383838383838
0.2,8,boat,18,20,0.65,0.7222222222222222,0.6842105263157895
0.2,9,traffic light,28,25,0.6,0.5357142857142857,0.5660377358490566
0.2,10,fire hydrant,14,6,0.8333333333333334,0.35714285714285715,0.5
0.2,11,stop sign,11,12,0.5833333333333334,0.6363636363636364,0.6086956521739131
0.2,12,parking meter,4,1,1.0,0.25,0.4
0.2,13,bench,37,42,0.38095238095238093,0.43243243243243246,0.4050632911392405
0.2,14,bird,20,14,0.9285714285714286,0.65,0.7647058823529411
0.2,15,cat,25,17,0.9411764705882353,0.64,0.7619047619047619
0.2,16,dog,22,29,0.4827586206896552,0.6363636363636364,0.5490196078431373
0.2,17,horse,17,24,0.5416666666666666,0.7647058823529411,0.6341463414634146
0.2,18,sheep,8,15,0.4,0.75,0.5217391304347826
0.2,19,cow,13,12,0.5833333333333334,0.5384615384615384,0.56
0.2,20,elephant,12,12,0.9166666666666666,0.9166666666666666,0.9166666666666666
0.2,21,bear,6,4,1.0,0.6666666666666666,0.8
0.2,22,zebra,13,11,1.0,0.8461538461538461,0.9166666666666666
0.2,23,giraffe,16,13,1.0,0.8125,0.896551724137931
0.2,24,backpack,40,94,0.26595744680851063,0.625,0.373134328358209
0.2,25,umbrella,24,11,1.0,0.4583333333333333,0.6285714285714286
0.2,26,handbag,43,124,0.21774193548387097,0.627906976744186,0.32335329341317365
0.2,27,tie,26,13,0.8461538461538461,0.4230769230769231,0.5641025641025641
0.2,28,suitcase,24,22,0.5,0.4583333333333333,0.4782608695652174
0.2,29,frisbee,16,21,0.5238095238095238,0.6875,0.5945945945945946
0.2,30,skis,17,20,0.75,0.8823529411764706,0.8108108108108109
0.2,31,snowboard,4,5,0.2,0.25,0.2222222222222222
0.2,32,sports ball,33,27,0.7407407407407407,0.6060606060606061,0.6666666666666666
0.2,33,kite,19,17,0.7647058823529411,0.6842105263157895,0.7222222222222222
0.2,34,baseball bat,14,14,0.6428571428571429,0.6428571428571429,0.6428571428571429
0.2,35,baseball glove,14,10,0.8,0.5714285714285714,0.6666666666666666
0.2,36,skateboard,12,20,0.6,1.0,0.75
0.2,37,surfboard,26,19,0.9473684210526315,0.6923076923076923,0.8
0.2,38,tennis racket,22,34,0.6470588235294118,1.0,0.7857142857142857
0.2,39,bottle,53,79,0.31645569620253167,0.4716981132075472,0.3787878787878788
0.2,40,wine glass,20,40,0.225,0.45,0.3
0.2,41,cup,53,144,0.2777777777777778,0.7547169811320755,0.40609137055837563
0.2,42,fork,22,78,0.2564102564102564,0.9090909090909091,0.4
0.2,43,knife,30,72,0.3055555555555556,0.7333333333333333,0.43137254901960786
0.2,44,spoon,25,95,0.25263157894736843,0.96,0.4
0.2,45,bowl,44,106,0.36792452830188677,0.8863636363636364,0.52
0.2,46,banana,9,11,0.45454545454545453,0.5555555555555556,0.5
0.2,47,apple,12,16,0.3125,0.4166666666666667,0.35714285714285715
0.2,48,sandwich,19,20,0.55,0.5789473684210527,0.5641025641025641
0.2,49,orange,8,16,0.1875,0.375,0.25
0.2,50,broccoli,10,7,0.7142857142857143,0.5,0.5882352941176471
0.2,51,carrot,13,18,0.3888888888888889,0.5384615384615384,0.45161290322580644
0.2,52,hot dog,7,12,0.3333333333333333,0.5714285714285714,0.42105263157894735
0.2,53,pizza,24,26,0.5,0.5416666666666666,0.52
0.2,54,donut,17,2,1.0,0.11764705882352941,0.21052631578947367
0.2,55,cake,19,44,0.3181818181818182,0.7368421052631579,0.4444444444444444
0.2,56,chair,75,127,0.4251968503937008,0.72,0.5346534653465347
0.2,57,couch,28,40,0.4,0.5714285714285714,0.47058823529411764
0.2,58,potted plant,28,20,0.3,0.21428571428571427,0.25
0.2,59,bed,24,22,0.6363636363636364,0.5833333333333334,0.6086956521739131
0.2,60,dining table,73,142,0.45774647887323944,0.8904109589041096,0.6046511627906976
0.2,61,toilet,27,20,0.95,0.7037037037037037,0.8085106382978723
0.2,62,tv,35,39,0.5641025641025641,0.6285714285714286,0.5945945945945946
0.2,63,laptop,34,28,0.7142857142857143,0.5882352941176471,0.6451612903225806
0.2,64,mouse,13,16,0.625,0.7692307692307693,0.6896551724137931
0.2,65,remote,15,13,0.46153846153846156,0.4,0.42857142857142855
0.2,66,keyboard,17,20,0.65,0.7647058823529411,0.7027027027027027
0.2,67,cell phone,24,13,0.46153846153846156,0.25,0.32432432432432434
0.2,68,microwave,9,13,0.46153846153846156,0.6666666666666666,0.5454545454545454
0.2,69,oven,16,31,0.3870967741935484,0.75,0.5106382978723404
0.2,70,toaster,3,0,0.0,0.0,0.0
0.2,71,sink,24,27,0.6666666666666666,0.75,0.7058823529411765
0.2,72,refrigerator,10,24,0.2916666666666667,0.7,0.4117647058823529
0.2,73,book,30,80,0.3125,0.8333333333333334,0.45454545454545453
0.2,74,clock,25,12,0.9166666666666666,0.44,0.5945945945945946
0.2,75,vase,18,35,0.42857142857142855,0.8333333333333334,0.5660377358490566
0.2,76,scissors,3,0,0.0,0.0,0.0
0.2,77,teddy bear,20,7,1.0,0.35,0.5185185185185185
0.2,78,hair drier,3,0,0.0,0.0,0.0
0.2,79,toothbrush,4,1,0.0,0.0,0.0
0.1,0,person,411,528,0.7613636363636364,0.9781021897810219,0.8562300319488818
0.1,1,bicycle,17,55,0.14545454545454545,0.47058823529411764,0.2222222222222222
0.1,2,car,85,174,0.3620689655172414,0.7411764705882353,0.4864864864864865
0.1,3,motorcycle,22,31,0.5806451612903226,0.8181818181818182,0.6792452830188679
0.1,4,airplane,13,14,0.7857142857142857,0.8461538461538461,0.8148148148148148
0.1,5,bus,28,67,0.34328358208955223,0.8214285714285714,0.4842105263157895
0.1,6,train,31,50,0.5,0.8064516129032258,0.6172839506172839
0.1,7,truck,42,107,0.27102803738317754,0.6904761904761905,0.38926174496644295
0.1,8,boat,18,32,0.46875,0.8333333333333334,0.6
0.1,9,traffic light,28,37,0.4864864864864865,0.6428571428571429,0.5538461538461539
0.1,10,fire hydrant,14,14,0.5714285714285714,0.5714285714285714,0.5714285714285714
0.1,11,stop sign,11,16,0.5625,0.8181818181818182,0.6666666666666666
0.1,12,parking meter,4,2,0.5,0.25,0.3333333333333333
0.1,13,bench,37,93,0.25806451612903225,0.6486486486486487,0.36923076923076925
0.1,14,bird,20,25,0.6,0.75,0.6666666666666666
0.1,15,cat,25,25,0.72,0.72,0.72
0.1,16,dog,22,47,0.3404255319148936,0.7272727272727273,0.463768115942029
0.1,17,horse,17,40,0.35,0.8235294117647058,0.49122807017543857
0.1,18,sheep,8,27,0.25925925925925924,0.875,0.4
0.1,19,cow,13,24,0.375,0.6923076923076923,0.4864864864864865
0.1,20,elephant,12,14,0.7857142857142857,0.9166666666666666,0.8461538461538461
0.1,21,bear,6,6,0.8333333333333334,0.8333333333333334,0.8333333333333334
0.1,22,zebra,13,12,1.0,0.9230769230769231,0.96
0.1,23,giraffe,16,17,0.8823529411764706,0.9375,0.9090909090909091
0.1,24,backpack,40,185,0.1783783783783784,0.825,0.29333333333333333
0.1,25,umbrella,24,15,0.8,0.5,0.6153846153846154
0.1,26,handbag,43,218,0.1559633027522936,0.7906976744186046,0.26053639846743293
0.1,27,tie,26,27,0.48148148148148145,0.5,0.49056603773584906
0.1,28,suitcase,24,54,0.3148148148148148,0.7083333333333334,0.4358974358974359
0.1,29,frisbee,16,40,0.375,0.9375,0.5357142857142857
0.1,30,skis,17,23,0.6956521739130435,0.9411764705882353,0.8
0.1,31,snowboard,4,11,0.09090909090909091,0.25,0.13333333333333333
0.1,32,sports ball,33,45,0.6444444444444445,0.8787878787878788,0.7435897435897436
0.1,33,kite,19,29,0.5517241379310345,0.8421052631578947,0.6666666666666666
0.1,34,baseball bat,14,17,0.5882352941176471,0.7142857142857143,0.6451612903225806
0.1,35,baseball glove,14,14,0.6428571428571429,0.6428571428571429,0.6428571428571429
0.1,36,skateboard,12,39,0.3076923076923077,1.0,0.47058823529411764
0.1,37,surfboard,26,20,0.9,0.6923076923076923,0.782608695652174
0.1,38,tennis racket,22,42,0.5238095238095238,1.0,0.6875
0.1,39,bottle,53,167,0.23353293413173654,0.7358490566037735,0.35454545454545455
0.1,40,wine glass,20,75,0.2,0.75,0.3157894736842105
0.1,41,cup,53,221,0.21266968325791855,0.8867924528301887,0.34306569343065696
0.1,42,fork,22,108,0.19444444444444445,0.9545454545454546,0.3230769230769231
0.1,43,knife,30,112,0.23214285714285715,0.8666666666666667,0.36619718309859156
0.1,44,spoon,25,140,0.17142857142857143,0.96,0.2909090909090909
0.1,45,bowl,44,167,0.25149700598802394,0.9545454545454546,0.3981042654028436
0.1,46,banana,9,27,0.18518518518518517,0.5555555555555556,0.2777777777777778
0.1,47,apple,12,42,0.16666666666666666,0.5833333333333334,0.25925925925925924
0.1,48,sandwich,19,43,0.32558139534883723,0.7368421052631579,0.45161290322580644
0.1,49,orange,8,50,0.1,0.625,0.1724137931034483
0.1,50,broccoli,10,13,0.5384615384615384,0.7,0.6086956521739131
0.1,51,carrot,13,39,0.2564102564102564,0.7692307692307693,0.38461538461538464
0.1,52,hot dog,7,38,0.15789473684210525,0.8571428571428571,0.26666666666666666
0.1,53,pizza,24,51,0.35294117647058826,0.75,0.48
0.1,54,donut,17,7,0.7142857142857143,0.29411764705882354,0.4166666666666667
0.1,55,cake,19,82,0.2073170731707317,0.8947368421052632,0.33663366336633666
0.1,56,chair,75,242,0.28512396694214875,0.92,0.4353312302839117
0.1,57,couch,28,74,0.2702702702702703,0.7142857142857143,0.39215686274509803
0.1,58,potted plant,28,41,0.2682926829268293,0.39285714285714285,0.3188405797101449
0.1,59,bed,24,35,0.4857142857142857,0.7083333333333334,0.576271186440678
0.1,60,dining table,73,200,0.345,0.9452054794520548,0.5054945054945055
0.1,61,toilet,27,22,0.8636363636363636,0.7037037037037037,0.7755102040816326
0.1,62,tv,35,68,0.39705882352941174,0.7714285714285715,0.5242718446601942
0.1,63,laptop,34,46,0.5,0.6764705882352942,0.575
0.1,64,mouse,13,22,0.5,0.8461538461538461,0.6285714285714286
0.1,65,remote,15,39,0.23076923076923078,0.6,0.3333333333333333
0.1,66,keyboard,17,31,0.4838709677419355,0.8823529411764706,0.625
0.1,67,cell phone,24,37,0.40540540540540543,0.625,0.4918032786885246
0.1,68,microwave,9,21,0.3333333333333333,0.7777777777777778,0.4666666666666667
0.1,69,oven,16,47,0.3191489361702128,0.9375,0.47619047619047616
0.1,70,toaster,3,2,0.0,0.0,0.0
0.1,71,sink,24,37,0.5675675675675675,0.875,0.6885245901639344
0.1,72,refrigerator,10,51,0.1568627450980392,0.8,0.26229508196721313
0.1,73,book,30,136,0.21323529411764705,0.9666666666666667,0.3493975903614458
0.1,74,clock,25,25,0.52,0.52,0.52
0.1,75,vase,18,60,0.26666666666666666,0.8888888888888888,0.41025641025641024
0.1,76,scissors,3,4,0.0,0.0,0.0
0.1,77,teddy bear,20,13,0.6923076923076923,0.45,0.5454545454545454
0.1,78,hair drier,3,0,0.0,0.0,0.0
0.1,79,toothbrush,4,6,0.0,0.0,0.0
