query_class,query_path,baseline_top1_class,triplet_top1_class,baseline_top1_correct,triplet_top1_correct,baseline_first_correct_rank,triplet_first_correct_rank,baseline_top5_hit,triplet_top5_hit,baseline_top5_classes,triplet_top5_classes
airplane,/home/emily/MMIP/week5/quiz1/data/query/airplane/00000.png,ship,airplane,False,True,2,1,True,True,ship | airplane | airplane | airplane | cat,airplane | airplane | airplane | airplane | airplane
airplane,/home/emily/MMIP/week5/quiz1/data/query/airplane/00001.png,airplane,airplane,True,True,1,1,True,True,airplane | airplane | airplane | airplane | airplane,airplane | airplane | airplane | airplane | airplane
airplane,/home/emily/MMIP/week5/quiz1/data/query/airplane/00002.png,airplane,airplane,True,True,1,1,True,True,airplane | airplane | airplane | airplane | airplane,airplane | airplane | airplane | airplane | airplane
airplane,/home/emily/MMIP/week5/quiz1/data/query/airplane/00003.png,airplane,airplane,True,True,1,1,True,True,airplane | airplane | airplane | airplane | airplane,airplane | airplane | airplane | airplane | airplane
airplane,/home/emily/MMIP/week5/quiz1/data/query/airplane/00004.png,airplane,airplane,True,True,1,1,True,True,airplane | airplane | airplane | airplane | truck,airplane | airplane | airplane | airplane | airplane
airplane,/home/emily/MMIP/week5/quiz1/data/query/airplane/00005.png,frog,frog,False,False,4,5,True,True,frog | ship | frog | airplane | deer,frog | horse | frog | horse | airplane
airplane,/home/emily/MMIP/week5/quiz1/data/query/airplane/00006.png,truck,truck,False,False,,,False,False,truck | automobile | truck | ship | truck,truck | truck | truck | truck | truck
airplane,/home/emily/MMIP/week5/quiz1/data/query/airplane/00007.png,airplane,ship,True,False,1,2,True,True,airplane | airplane | ship | airplane | automobile,ship | airplane | airplane | airplane | airplane
airplane,/home/emily/MMIP/week5/quiz1/data/query/airplane/00008.png,airplane,airplane,True,True,1,1,True,True,airplane | airplane | airplane | airplane | airplane,airplane | airplane | airplane | airplane | airplane
airplane,/home/emily/MMIP/week5/quiz1/data/query/airplane/00009.png,airplane,airplane,True,True,1,1,True,True,airplane | airplane | airplane | airplane | airplane,airplane | airplane | airplane | airplane | airplane
airplane,/home/emily/MMIP/week5/quiz1/data/query/airplane/00010.png,airplane,airplane,True,True,1,1,True,True,airplane | airplane | airplane | airplane | airplane,airplane | airplane | airplane | airplane | airplane
airplane,/home/emily/MMIP/week5/quiz1/data/query/airplane/00011.png,airplane,airplane,True,True,1,1,True,True,airplane | airplane | airplane | airplane | airplane,airplane | airplane | airplane | airplane | airplane
airplane,/home/emily/MMIP/week5/quiz1/data/query/airplane/00012.png,airplane,bird,True,False,1,,True,False,airplane | airplane | airplane | airplane | bird,bird | frog | bird | frog | frog
airplane,/home/emily/MMIP/week5/quiz1/data/query/airplane/00013.png,truck,airplane,False,True,2,1,True,True,truck | airplane | truck | truck | airplane,airplane | truck | airplane | airplane | airplane
airplane,/home/emily/MMIP/week5/quiz1/data/query/airplane/00014.png,airplane,airplane,True,True,1,1,True,True,airplane | airplane | airplane | airplane | airplane,airplane | airplane | airplane | airplane | airplane
airplane,/home/emily/MMIP/week5/quiz1/data/query/airplane/00015.png,airplane,airplane,True,True,1,1,True,True,airplane | airplane | ship | airplane | airplane,airplane | airplane | ship | airplane | airplane
airplane,/home/emily/MMIP/week5/quiz1/data/query/airplane/00016.png,airplane,airplane,True,True,1,1,True,True,airplane | airplane | airplane | truck | airplane,airplane | airplane | airplane | airplane | airplane
airplane,/home/emily/MMIP/week5/quiz1/data/query/airplane/00017.png,airplane,airplane,True,True,1,1,True,True,airplane | airplane | deer | airplane | cat,airplane | airplane | airplane | bird | airplane
airplane,/home/emily/MMIP/week5/quiz1/data/query/airplane/00018.png,ship,ship,False,False,2,2,True,True,ship | airplane | airplane | ship | ship,ship | airplane | airplane | airplane | airplane
airplane,/home/emily/MMIP/week5/quiz1/data/query/airplane/00019.png,horse,airplane,False,True,5,1,True,True,horse | deer | ship | ship | airplane,airplane | airplane | cat | horse | airplane
airplane,/home/emily/MMIP/week5/quiz1/data/query/airplane/00020.png,airplane,airplane,True,True,1,1,True,True,airplane | airplane | ship | airplane | airplane,airplane | airplane | airplane | airplane | airplane
airplane,/home/emily/MMIP/week5/quiz1/data/query/airplane/00021.png,airplane,airplane,True,True,1,1,True,True,airplane | airplane | airplane | airplane | airplane,airplane | airplane | airplane | airplane | airplane
airplane,/home/emily/MMIP/week5/quiz1/data/query/airplane/00022.png,airplane,airplane,True,True,1,1,True,True,airplane | airplane | airplane | airplane | airplane,airplane | airplane | airplane | airplane | airplane
airplane,/home/emily/MMIP/week5/quiz1/data/query/airplane/00023.png,truck,truck,False,False,,,False,False,truck | ship | ship | truck | horse,truck | truck | truck | truck | truck
airplane,/home/emily/MMIP/week5/quiz1/data/query/airplane/00024.png,airplane,airplane,True,True,1,1,True,True,airplane | airplane | airplane | airplane | airplane,airplane | airplane | airplane | airplane | airplane
airplane,/home/emily/MMIP/week5/quiz1/data/query/airplane/00025.png,ship,ship,False,False,4,,True,False,ship | ship | ship | airplane | ship,ship | ship | ship | ship | ship
airplane,/home/emily/MMIP/week5/quiz1/data/query/airplane/00026.png,airplane,airplane,True,True,1,1,True,True,airplane | airplane | airplane | airplane | ship,airplane | airplane | airplane | airplane | airplane
airplane,/home/emily/MMIP/week5/quiz1/data/query/airplane/00027.png,airplane,airplane,True,True,1,1,True,True,airplane | airplane | airplane | ship | airplane,airplane | airplane | airplane | airplane | airplane
airplane,/home/emily/MMIP/week5/quiz1/data/query/airplane/00028.png,ship,ship,False,False,5,,True,False,ship | automobile | ship | ship | airplane,ship | ship | ship | ship | ship
airplane,/home/emily/MMIP/week5/quiz1/data/query/airplane/00029.png,airplane,airplane,True,True,1,1,True,True,airplane | airplane | airplane | frog | cat,airplane | bird | bird | airplane | bird
airplane,/home/emily/MMIP/week5/quiz1/data/query/airplane/00030.png,airplane,ship,True,False,1,,True,False,airplane | airplane | airplane | airplane | ship,ship | automobile | automobile | ship | automobile
airplane,/home/emily/MMIP/week5/quiz1/data/query/airplane/00031.png,airplane,airplane,True,True,1,1,True,True,airplane | truck | airplane | airplane | airplane,airplane | airplane | airplane | airplane | airplane
airplane,/home/emily/MMIP/week5/quiz1/data/query/airplane/00032.png,truck,ship,False,False,,2,False,True,truck | truck | truck | truck | truck,ship | airplane | ship | airplane | airplane
airplane,/home/emily/MMIP/week5/quiz1/data/query/airplane/00033.png,ship,airplane,False,True,5,1,True,True,ship | ship | ship | ship | airplane,airplane | ship | airplane | airplane | ship
airplane,/home/emily/MMIP/week5/quiz1/data/query/airplane/00034.png,airplane,airplane,True,True,1,1,True,True,airplane | airplane | airplane | airplane | airplane,airplane | airplane | airplane | airplane | airplane
airplane,/home/emily/MMIP/week5/quiz1/data/query/airplane/00035.png,airplane,airplane,True,True,1,1,True,True,airplane | airplane | airplane | airplane | airplane,airplane | airplane | airplane | airplane | airplane
airplane,/home/emily/MMIP/week5/quiz1/data/query/airplane/00036.png,airplane,airplane,True,True,1,1,True,True,airplane | ship | airplane | ship | airplane,airplane | bird | ship | airplane | airplane
airplane,/home/emily/MMIP/week5/quiz1/data/query/airplane/00037.png,airplane,airplane,True,True,1,1,True,True,airplane | airplane | airplane | airplane | airplane,airplane | airplane | airplane | airplane | airplane
airplane,/home/emily/MMIP/week5/quiz1/data/query/airplane/00038.png,airplane,airplane,True,True,1,1,True,True,airplane | airplane | airplane | airplane | airplane,airplane | airplane | airplane | airplane | airplane
airplane,/home/emily/MMIP/week5/quiz1/data/query/airplane/00039.png,truck,ship,False,False,,,False,False,truck | ship | ship | automobile | ship,ship | ship | ship | ship | ship
airplane,/home/emily/MMIP/week5/quiz1/data/query/airplane/00040.png,airplane,airplane,True,True,1,1,True,True,airplane | airplane | airplane | airplane | airplane,airplane | airplane | airplane | airplane | airplane
airplane,/home/emily/MMIP/week5/quiz1/data/query/airplane/00041.png,airplane,horse,True,False,1,,True,False,airplane | airplane | airplane | airplane | airplane,horse | deer | bird | horse | deer
airplane,/home/emily/MMIP/week5/quiz1/data/query/airplane/00042.png,ship,airplane,False,True,,1,False,True,ship | ship | ship | ship | ship,airplane | airplane | airplane | airplane | airplane
airplane,/home/emily/MMIP/week5/quiz1/data/query/airplane/00043.png,airplane,airplane,True,True,1,1,True,True,airplane | airplane | airplane | airplane | airplane,airplane | airplane | airplane | airplane | bird
airplane,/home/emily/MMIP/week5/quiz1/data/query/airplane/00044.png,airplane,airplane,True,True,1,1,True,True,airplane | ship | automobile | ship | airplane,airplane | airplane | airplane | airplane | airplane
airplane,/home/emily/MMIP/week5/quiz1/data/query/airplane/00045.png,airplane,airplane,True,True,1,1,True,True,airplane | airplane | airplane | airplane | airplane,airplane | airplane | airplane | airplane | airplane
airplane,/home/emily/MMIP/week5/quiz1/data/query/airplane/00046.png,bird,airplane,False,True,2,1,True,True,bird | airplane | airplane | airplane | airplane,airplane | airplane | airplane | airplane | airplane
airplane,/home/emily/MMIP/week5/quiz1/data/query/airplane/00047.png,ship,ship,False,False,5,2,True,True,ship | ship | ship | ship | airplane,ship | airplane | ship | airplane | ship
airplane,/home/emily/MMIP/week5/quiz1/data/query/airplane/00048.png,bird,airplane,False,True,2,1,True,True,bird | airplane | deer | bird | dog,airplane | airplane | cat | airplane | airplane
airplane,/home/emily/MMIP/week5/quiz1/data/query/airplane/00049.png,automobile,frog,False,False,3,,True,False,automobile | truck | airplane | truck | ship,frog | frog | frog | automobile | frog
airplane,/home/emily/MMIP/week5/quiz1/data/query/airplane/00050.png,airplane,airplane,True,True,1,1,True,True,airplane | airplane | airplane | bird | airplane,airplane | airplane | airplane | airplane | airplane
airplane,/home/emily/MMIP/week5/quiz1/data/query/airplane/00051.png,airplane,airplane,True,True,1,1,True,True,airplane | airplane | airplane | airplane | airplane,airplane | airplane | airplane | airplane | airplane
airplane,/home/emily/MMIP/week5/quiz1/data/query/airplane/00052.png,airplane,airplane,True,True,1,1,True,True,airplane | truck | truck | truck | airplane,airplane | airplane | airplane | airplane | airplane
airplane,/home/emily/MMIP/week5/quiz1/data/query/airplane/00053.png,airplane,airplane,True,True,1,1,True,True,airplane | airplane | airplane | airplane | airplane,airplane | airplane | airplane | airplane | airplane
airplane,/home/emily/MMIP/week5/quiz1/data/query/airplane/00054.png,airplane,horse,True,False,1,2,True,True,airplane | airplane | airplane | airplane | airplane,horse | airplane | cat | bird | horse
airplane,/home/emily/MMIP/week5/quiz1/data/query/airplane/00055.png,airplane,airplane,True,True,1,1,True,True,airplane | airplane | ship | cat | airplane,airplane | airplane | airplane | airplane | airplane
airplane,/home/emily/MMIP/week5/quiz1/data/query/airplane/00056.png,airplane,airplane,True,True,1,1,True,True,airplane | airplane | airplane | airplane | airplane,airplane | airplane | airplane | airplane | airplane
airplane,/home/emily/MMIP/week5/quiz1/data/query/airplane/00057.png,deer,ship,False,False,2,,True,False,deer | airplane | airplane | airplane | airplane,ship | ship | ship | ship | ship
airplane,/home/emily/MMIP/week5/quiz1/data/query/airplane/00058.png,airplane,airplane,True,True,1,1,True,True,airplane | ship | airplane | airplane | airplane,airplane | airplane | airplane | airplane | airplane
airplane,/home/emily/MMIP/week5/quiz1/data/query/airplane/00059.png,airplane,ship,True,False,1,2,True,True,airplane | ship | airplane | airplane | airplane,ship | airplane | airplane | airplane | airplane
airplane,/home/emily/MMIP/week5/quiz1/data/query/airplane/00060.png,airplane,airplane,True,True,1,1,True,True,airplane | airplane | airplane | airplane | airplane,airplane | airplane | airplane | airplane | airplane
airplane,/home/emily/MMIP/week5/quiz1/data/query/airplane/00061.png,airplane,airplane,True,True,1,1,True,True,airplane | airplane | airplane | airplane | airplane,airplane | deer | airplane | cat | cat
airplane,/home/emily/MMIP/week5/quiz1/data/query/airplane/00062.png,airplane,airplane,True,True,1,1,True,True,airplane | airplane | truck | airplane | airplane,airplane | airplane | airplane | airplane | airplane
airplane,/home/emily/MMIP/week5/quiz1/data/query/airplane/00063.png,airplane,airplane,True,True,1,1,True,True,airplane | airplane | airplane | airplane | airplane,airplane | airplane | airplane | airplane | airplane
airplane,/home/emily/MMIP/week5/quiz1/data/query/airplane/00064.png,ship,ship,False,False,,,False,False,ship | ship | ship | ship | ship,ship | ship | ship | ship | ship
airplane,/home/emily/MMIP/week5/quiz1/data/query/airplane/00065.png,airplane,airplane,True,True,1,1,True,True,airplane | airplane | airplane | ship | airplane,airplane | airplane | airplane | airplane | airplane
airplane,/home/emily/MMIP/week5/quiz1/data/query/airplane/00066.png,airplane,airplane,True,True,1,1,True,True,airplane | airplane | airplane | airplane | airplane,airplane | airplane | airplane | airplane | airplane
airplane,/home/emily/MMIP/week5/quiz1/data/query/airplane/00067.png,airplane,airplane,True,True,1,1,True,True,airplane | airplane | airplane | airplane | ship,airplane | airplane | airplane | airplane | airplane
airplane,/home/emily/MMIP/week5/quiz1/data/query/airplane/00068.png,airplane,bird,True,False,1,2,True,True,airplane | airplane | ship | airplane | airplane,bird | airplane | airplane | airplane | airplane
airplane,/home/emily/MMIP/week5/quiz1/data/query/airplane/00069.png,airplane,airplane,True,True,1,1,True,True,airplane | truck | airplane | airplane | airplane,airplane | airplane | airplane | airplane | airplane
airplane,/home/emily/MMIP/week5/quiz1/data/query/airplane/00070.png,truck,airplane,False,True,2,1,True,True,truck | airplane | airplane | truck | automobile,airplane | airplane | airplane | airplane | airplane
airplane,/home/emily/MMIP/week5/quiz1/data/query/airplane/00071.png,airplane,airplane,True,True,1,1,True,True,airplane | airplane | airplane | airplane | truck,airplane | airplane | airplane | airplane | airplane
airplane,/home/emily/MMIP/week5/quiz1/data/query/airplane/00072.png,airplane,airplane,True,True,1,1,True,True,airplane | deer | airplane | airplane | airplane,airplane | airplane | airplane | airplane | airplane
airplane,/home/emily/MMIP/week5/quiz1/data/query/airplane/00073.png,airplane,airplane,True,True,1,1,True,True,airplane | airplane | airplane | ship | automobile,airplane | airplane | airplane | airplane | airplane
airplane,/home/emily/MMIP/week5/quiz1/data/query/airplane/00074.png,airplane,airplane,True,True,1,1,True,True,airplane | airplane | airplane | airplane | airplane,airplane | airplane | airplane | airplane | airplane
airplane,/home/emily/MMIP/week5/quiz1/data/query/airplane/00075.png,truck,truck,False,False,2,,True,False,truck | airplane | truck | truck | truck,truck | truck | truck | truck | truck
airplane,/home/emily/MMIP/week5/quiz1/data/query/airplane/00076.png,airplane,airplane,True,True,1,1,True,True,airplane | airplane | airplane | airplane | airplane,airplane | airplane | airplane | airplane | airplane
airplane,/home/emily/MMIP/week5/quiz1/data/query/airplane/00077.png,airplane,airplane,True,True,1,1,True,True,airplane | airplane | airplane | airplane | bird,airplane | airplane | airplane | airplane | airplane
airplane,/home/emily/MMIP/week5/quiz1/data/query/airplane/00078.png,airplane,airplane,True,True,1,1,True,True,airplane | airplane | airplane | automobile | airplane,airplane | deer | airplane | airplane | airplane
airplane,/home/emily/MMIP/week5/quiz1/data/query/airplane/00079.png,airplane,airplane,True,True,1,1,True,True,airplane | airplane | airplane | airplane | airplane,airplane | airplane | airplane | airplane | airplane
airplane,/home/emily/MMIP/week5/quiz1/data/query/airplane/00080.png,automobile,airplane,False,True,2,1,True,True,automobile | airplane | airplane | airplane | truck,airplane | airplane | truck | airplane | truck
airplane,/home/emily/MMIP/week5/quiz1/data/query/airplane/00081.png,airplane,airplane,True,True,1,1,True,True,airplane | airplane | airplane | ship | automobile,airplane | airplane | airplane | airplane | airplane
airplane,/home/emily/MMIP/week5/quiz1/data/query/airplane/00082.png,airplane,ship,True,False,1,,True,False,airplane | airplane | ship | ship | ship,ship | ship | ship | ship | ship
airplane,/home/emily/MMIP/week5/quiz1/data/query/airplane/00083.png,truck,airplane,False,True,4,1,True,True,truck | truck | truck | airplane | airplane,airplane | airplane | airplane | airplane | airplane
airplane,/home/emily/MMIP/week5/quiz1/data/query/airplane/00084.png,airplane,airplane,True,True,1,1,True,True,airplane | airplane | airplane | airplane | airplane,airplane | airplane | airplane | airplane | airplane
airplane,/home/emily/MMIP/week5/quiz1/data/query/airplane/00085.png,airplane,airplane,True,True,1,1,True,True,airplane | airplane | airplane | airplane | airplane,airplane | airplane | frog | airplane | airplane
airplane,/home/emily/MMIP/week5/quiz1/data/query/airplane/00086.png,airplane,airplane,True,True,1,1,True,True,airplane | airplane | airplane | airplane | airplane,airplane | airplane | airplane | airplane | airplane
airplane,/home/emily/MMIP/week5/quiz1/data/query/airplane/00087.png,airplane,airplane,True,True,1,1,True,True,airplane | airplane | airplane | airplane | airplane,airplane | airplane | airplane | airplane | airplane
airplane,/home/emily/MMIP/week5/quiz1/data/query/airplane/00088.png,airplane,ship,True,False,1,,True,False,airplane | airplane | airplane | airplane | automobile,ship | ship | ship | ship | ship
airplane,/home/emily/MMIP/week5/quiz1/data/query/airplane/00089.png,airplane,airplane,True,True,1,1,True,True,airplane | airplane | airplane | airplane | bird,airplane | airplane | airplane | bird | airplane
airplane,/home/emily/MMIP/week5/quiz1/data/query/airplane/00090.png,airplane,ship,True,False,1,4,True,True,airplane | airplane | airplane | automobile | automobile,ship | ship | ship | airplane | airplane
airplane,/home/emily/MMIP/week5/quiz1/data/query/airplane/00091.png,automobile,deer,False,False,,,False,False,automobile | deer | ship | cat | ship,deer | ship | bird | ship | ship
airplane,/home/emily/MMIP/week5/quiz1/data/query/airplane/00092.png,airplane,airplane,True,True,1,1,True,True,airplane | airplane | airplane | automobile | truck,airplane | frog | airplane | frog | cat
airplane,/home/emily/MMIP/week5/quiz1/data/query/airplane/00093.png,airplane,airplane,True,True,1,1,True,True,airplane | airplane | airplane | airplane | airplane,airplane | airplane | airplane | airplane | airplane
airplane,/home/emily/MMIP/week5/quiz1/data/query/airplane/00094.png,airplane,airplane,True,True,1,1,True,True,airplane | ship | airplane | ship | airplane,airplane | airplane | airplane | airplane | airplane
airplane,/home/emily/MMIP/week5/quiz1/data/query/airplane/00095.png,airplane,airplane,True,True,1,1,True,True,airplane | airplane | airplane | airplane | airplane,airplane | airplane | airplane | airplane | airplane
airplane,/home/emily/MMIP/week5/quiz1/data/query/airplane/00096.png,airplane,airplane,True,True,1,1,True,True,airplane | ship | ship | ship | airplane,airplane | airplane | airplane | airplane | airplane
airplane,/home/emily/MMIP/week5/quiz1/data/query/airplane/00097.png,airplane,airplane,True,True,1,1,True,True,airplane | ship | airplane | airplane | airplane,airplane | airplane | airplane | airplane | airplane
airplane,/home/emily/MMIP/week5/quiz1/data/query/airplane/00098.png,airplane,airplane,True,True,1,1,True,True,airplane | airplane | airplane | airplane | airplane,airplane | airplane | airplane | airplane | airplane
airplane,/home/emily/MMIP/week5/quiz1/data/query/airplane/00099.png,ship,airplane,False,True,,1,False,True,ship | ship | ship | automobile | ship,airplane | airplane | airplane | airplane | airplane
bird,/home/emily/MMIP/week5/quiz1/data/query/bird/00000.png,dog,deer,False,False,,,False,False,dog | deer | deer | deer | horse,deer | frog | frog | dog | frog
bird,/home/emily/MMIP/week5/quiz1/data/query/bird/00001.png,bird,bird,True,True,1,1,True,True,bird | bird | bird | bird | cat,bird | bird | ship | bird | frog
bird,/home/emily/MMIP/week5/quiz1/data/query/bird/00002.png,bird,bird,True,True,1,1,True,True,bird | frog | bird | frog | bird,bird | bird | bird | bird | bird
bird,/home/emily/MMIP/week5/quiz1/data/query/bird/00003.png,bird,bird,True,True,1,1,True,True,bird | bird | airplane | ship | airplane,bird | bird | bird | airplane | airplane
bird,/home/emily/MMIP/week5/quiz1/data/query/bird/00004.png,airplane,bird,False,True,3,1,True,True,airplane | airplane | bird | bird | frog,bird | bird | bird | bird | bird
bird,/home/emily/MMIP/week5/quiz1/data/query/bird/00005.png,bird,bird,True,True,1,1,True,True,bird | bird | bird | bird | bird,bird | bird | bird | bird | bird
bird,/home/emily/MMIP/week5/quiz1/data/query/bird/00006.png,bird,bird,True,True,1,1,True,True,bird | cat | frog | bird | cat,bird | bird | cat | bird | bird
bird,/home/emily/MMIP/week5/quiz1/data/query/bird/00007.png,bird,bird,True,True,1,1,True,True,bird | cat | bird | horse | bird,bird | bird | bird | horse | bird
bird,/home/emily/MMIP/week5/quiz1/data/query/bird/00008.png,bird,bird,True,True,1,1,True,True,bird | bird | cat | bird | cat,bird | bird | bird | bird | bird
bird,/home/emily/MMIP/week5/quiz1/data/query/bird/00009.png,frog,bird,False,True,,1,False,True,frog | cat | cat | cat | frog,bird | bird | bird | frog | bird
bird,/home/emily/MMIP/week5/quiz1/data/query/bird/00010.png,bird,bird,True,True,1,1,True,True,bird | bird | bird | bird | bird,bird | bird | bird | bird | bird
bird,/home/emily/MMIP/week5/quiz1/data/query/bird/00011.png,bird,bird,True,True,1,1,True,True,bird | bird | bird | bird | bird,bird | airplane | bird | bird | bird
bird,/home/emily/MMIP/week5/quiz1/data/query/bird/00012.png,bird,bird,True,True,1,1,True,True,bird | bird | cat | bird | bird,bird | bird | bird | bird | bird
bird,/home/emily/MMIP/week5/quiz1/data/query/bird/00013.png,bird,bird,True,True,1,1,True,True,bird | frog | deer | frog | bird,bird | bird | bird | bird | bird
bird,/home/emily/MMIP/week5/quiz1/data/query/bird/00014.png,dog,frog,False,False,4,,True,False,dog | dog | dog | bird | dog,frog | dog | frog | dog | frog
bird,/home/emily/MMIP/week5/quiz1/data/query/bird/00015.png,bird,cat,True,False,1,3,True,True,bird | dog | dog | dog | dog,cat | cat | bird | cat | bird
bird,/home/emily/MMIP/week5/quiz1/data/query/bird/00016.png,frog,bird,False,True,,1,False,True,frog | dog | cat | cat | dog,bird | frog | bird | bird | cat
bird,/home/emily/MMIP/week5/quiz1/data/query/bird/00017.png,deer,bird,False,True,3,1,True,True,deer | airplane | bird | airplane | airplane,bird | bird | airplane | airplane | airplane
bird,/home/emily/MMIP/week5/quiz1/data/query/bird/00018.png,bird,bird,True,True,1,1,True,True,bird | bird | bird | bird | bird,bird | bird | bird | bird | bird
bird,/home/emily/MMIP/week5/quiz1/data/query/bird/00019.png,dog,deer,False,False,,5,False,True,dog | frog | airplane | deer | frog,deer | deer | deer | deer | bird
bird,/home/emily/MMIP/week5/quiz1/data/query/bird/00020.png,deer,bird,False,True,,1,False,True,deer | horse | deer | deer | horse,bird | bird | bird | bird | bird
bird,/home/emily/MMIP/week5/quiz1/data/query/bird/00021.png,bird,bird,True,True,1,1,True,True,bird | bird | bird | bird | bird,bird | bird | bird | bird | bird
bird,/home/emily/MMIP/week5/quiz1/data/query/bird/00022.png,deer,bird,False,True,2,1,True,True,deer | bird | truck | frog | frog,bird | horse | bird | bird | bird
bird,/home/emily/MMIP/week5/quiz1/data/query/bird/00023.png,frog,deer,False,False,4,,True,False,frog | horse | frog | bird | dog,deer | deer | deer | deer | frog
bird,/home/emily/MMIP/week5/quiz1/data/query/bird/00024.png,horse,frog,False,False,2,2,True,True,horse | bird | dog | frog | deer,frog | bird | cat | ship | airplane
bird,/home/emily/MMIP/week5/quiz1/data/query/bird/00025.png,bird,bird,True,True,1,1,True,True,bird | bird | bird | bird | bird,bird | bird | bird | bird | bird
bird,/home/emily/MMIP/week5/quiz1/data/query/bird/00026.png,bird,bird,True,True,1,1,True,True,bird | bird | bird | bird | bird,bird | bird | bird | bird | bird
bird,/home/emily/MMIP/week5/quiz1/data/query/bird/00027.png,bird,bird,True,True,1,1,True,True,bird | bird | bird | horse | bird,bird | bird | bird | bird | bird
bird,/home/emily/MMIP/week5/quiz1/data/query/bird/00028.png,bird,bird,True,True,1,1,True,True,bird | frog | deer | frog | frog,bird | deer | bird | bird | cat
bird,/home/emily/MMIP/week5/quiz1/data/query/bird/00029.png,frog,bird,False,True,5,1,True,True,frog | deer | deer | horse | bird,bird | bird | bird | bird | bird
bird,/home/emily/MMIP/week5/quiz1/data/query/bird/00030.png,frog,frog,False,False,,3,False,True,frog | frog | frog | frog | frog,frog | frog | bird | bird | frog
bird,/home/emily/MMIP/week5/quiz1/data/query/bird/00031.png,bird,bird,True,True,1,1,True,True,bird | bird | airplane | bird | airplane,bird | bird | airplane | airplane | airplane
bird,/home/emily/MMIP/week5/quiz1/data/query/bird/00032.png,bird,bird,True,True,1,1,True,True,bird | bird | airplane | bird | bird,bird | bird | bird | bird | bird
bird,/home/emily/MMIP/week5/quiz1/data/query/bird/00033.png,deer,frog,False,False,,2,False,True,deer | cat | frog | cat | frog,frog | bird | bird | bird | bird
bird,/home/emily/MMIP/week5/quiz1/data/query/bird/00034.png,bird,horse,True,False,1,2,True,True,bird | bird | dog | dog | bird,horse | bird | bird | bird | bird
bird,/home/emily/MMIP/week5/quiz1/data/query/bird/00035.png,bird,bird,True,True,1,1,True,True,bird | frog | bird | bird | bird,bird | frog | frog | bird | frog
bird,/home/emily/MMIP/week5/quiz1/data/query/bird/00036.png,cat,dog,False,False,2,,True,False,cat | bird | cat | bird | frog,dog | dog | dog | dog | dog
bird,/home/emily/MMIP/week5/quiz1/data/query/bird/00037.png,horse,bird,False,True,2,1,True,True,horse | bird | cat | bird | bird,bird | bird | bird | bird | bird
bird,/home/emily/MMIP/week5/quiz1/data/query/bird/00038.png,frog,bird,False,True,,1,False,True,frog | dog | dog | dog | cat,bird | dog | dog | dog | cat
bird,/home/emily/MMIP/week5/quiz1/data/query/bird/00039.png,airplane,bird,False,True,4,1,True,True,airplane | airplane | airplane | bird | airplane,bird | bird | bird | bird | bird
bird,/home/emily/MMIP/week5/quiz1/data/query/bird/00040.png,bird,bird,True,True,1,1,True,True,bird | deer | bird | horse | deer,bird | frog | deer | deer | dog
bird,/home/emily/MMIP/week5/quiz1/data/query/bird/00041.png,bird,bird,True,True,1,1,True,True,bird | bird | bird | cat | horse,bird | bird | bird | bird | bird
bird,/home/emily/MMIP/week5/quiz1/data/query/bird/00042.png,bird,bird,True,True,1,1,True,True,bird | bird | bird | bird | bird,bird | bird | cat | bird | bird
bird,/home/emily/MMIP/week5/quiz1/data/query/bird/00043.png,bird,bird,True,True,1,1,True,True,bird | bird | bird | bird | bird,bird | bird | bird | bird | bird
bird,/home/emily/MMIP/week5/quiz1/data/query/bird/00044.png,bird,bird,True,True,1,1,True,True,bird | bird | bird | bird | bird,bird | bird | bird | bird | bird
bird,/home/emily/MMIP/week5/quiz1/data/query/bird/00045.png,bird,frog,True,False,1,5,True,True,bird | deer | bird | dog | cat,frog | frog | frog | frog | bird
bird,/home/emily/MMIP/week5/quiz1/data/query/bird/00046.png,bird,bird,True,True,1,1,True,True,bird | bird | bird | bird | bird,bird | bird | bird | bird | bird
bird,/home/emily/MMIP/week5/quiz1/data/query/bird/00047.png,bird,bird,True,True,1,1,True,True,bird | airplane | airplane | airplane | airplane,bird | airplane | bird | deer | airplane
bird,/home/emily/MMIP/week5/quiz1/data/query/bird/00048.png,bird,dog,True,False,1,4,True,True,bird | bird | bird | bird | bird,dog | dog | dog | bird | dog
bird,/home/emily/MMIP/week5/quiz1/data/query/bird/00049.png,horse,bird,False,True,2,1,True,True,horse | bird | bird | bird | cat,bird | bird | bird | bird | cat
bird,/home/emily/MMIP/week5/quiz1/data/query/bird/00050.png,bird,bird,True,True,1,1,True,True,bird | bird | bird | bird | bird,bird | bird | bird | bird | bird
bird,/home/emily/MMIP/week5/quiz1/data/query/bird/00051.png,bird,frog,True,False,1,5,True,True,bird | frog | bird | frog | bird,frog | frog | frog | frog | bird
bird,/home/emily/MMIP/week5/quiz1/data/query/bird/00052.png,bird,bird,True,True,1,1,True,True,bird | bird | bird | bird | bird,bird | cat | bird | bird | bird
bird,/home/emily/MMIP/week5/quiz1/data/query/bird/00053.png,bird,bird,True,True,1,1,True,True,bird | bird | bird | bird | bird,bird | bird | bird | bird | bird
bird,/home/emily/MMIP/week5/quiz1/data/query/bird/00054.png,deer,bird,False,True,2,1,True,True,deer | bird | dog | deer | frog,bird | bird | bird | bird | dog
bird,/home/emily/MMIP/week5/quiz1/data/query/bird/00055.png,bird,bird,True,True,1,1,True,True,bird | deer | deer | bird | horse,bird | bird | bird | bird | bird
bird,/home/emily/MMIP/week5/quiz1/data/query/bird/00056.png,frog,bird,False,True,2,1,True,True,frog | bird | bird | frog | frog,bird | bird | bird | bird | bird
bird,/home/emily/MMIP/week5/quiz1/data/query/bird/00057.png,bird,bird,True,True,1,1,True,True,bird | bird | bird | bird | bird,bird | bird | bird | bird | bird
bird,/home/emily/MMIP/week5/quiz1/data/query/bird/00058.png,bird,bird,True,True,1,1,True,True,bird | bird | bird | bird | bird,bird | bird | bird | bird | bird
bird,/home/emily/MMIP/week5/quiz1/data/query/bird/00059.png,horse,bird,False,True,4,1,True,True,horse | cat | deer | bird | bird,bird | bird | bird | bird | bird
bird,/home/emily/MMIP/week5/quiz1/data/query/bird/00060.png,bird,bird,True,True,1,1,True,True,bird | bird | bird | bird | bird,bird | bird | deer | bird | bird
bird,/home/emily/MMIP/week5/quiz1/data/query/bird/00061.png,bird,bird,True,True,1,1,True,True,bird | bird | bird | deer | bird,bird | bird | bird | bird | bird
bird,/home/emily/MMIP/week5/quiz1/data/query/bird/00062.png,deer,truck,False,False,3,,True,False,deer | deer | bird | truck | deer,truck | deer | deer | deer | truck
bird,/home/emily/MMIP/week5/quiz1/data/query/bird/00063.png,airplane,airplane,False,False,2,,True,False,airplane | bird | horse | ship | horse,airplane | airplane | airplane | deer | ship
bird,/home/emily/MMIP/week5/quiz1/data/query/bird/00064.png,bird,bird,True,True,1,1,True,True,bird | bird | bird | bird | bird,bird | bird | bird | bird | bird
bird,/home/emily/MMIP/week5/quiz1/data/query/bird/00065.png,airplane,airplane,False,False,,,False,False,airplane | airplane | airplane | airplane | cat,airplane | deer | airplane | airplane | airplane
bird,/home/emily/MMIP/week5/quiz1/data/query/bird/00066.png,cat,bird,False,True,5,1,True,True,cat | cat | cat | cat | bird,bird | frog | bird | bird | bird
bird,/home/emily/MMIP/week5/quiz1/data/query/bird/00067.png,bird,bird,True,True,1,1,True,True,bird | dog | bird | bird | bird,bird | bird | bird | bird | bird
bird,/home/emily/MMIP/week5/quiz1/data/query/bird/00068.png,bird,bird,True,True,1,1,True,True,bird | bird | bird | bird | bird,bird | bird | bird | bird | bird
bird,/home/emily/MMIP/week5/quiz1/data/query/bird/00069.png,airplane,horse,False,False,2,,True,False,airplane | bird | ship | ship | horse,horse | airplane | airplane | airplane | ship
bird,/home/emily/MMIP/week5/quiz1/data/query/bird/00070.png,airplane,airplane,False,False,3,,True,False,airplane | airplane | bird | airplane | airplane,airplane | airplane | airplane | airplane | airplane
bird,/home/emily/MMIP/week5/quiz1/data/query/bird/00071.png,bird,bird,True,True,1,1,True,True,bird | bird | bird | bird | bird,bird | bird | bird | bird | bird
bird,/home/emily/MMIP/week5/quiz1/data/query/bird/00072.png,bird,bird,True,True,1,1,True,True,bird | bird | bird | bird | bird,bird | bird | bird | bird | bird
bird,/home/emily/MMIP/week5/quiz1/data/query/bird/00073.png,airplane,airplane,False,False,,2,False,True,airplane | airplane | airplane | airplane | airplane,airplane | bird | bird | airplane | airplane
bird,/home/emily/MMIP/week5/quiz1/data/query/bird/00074.png,bird,bird,True,True,1,1,True,True,bird | bird | bird | bird | bird,bird | bird | bird | bird | bird
bird,/home/emily/MMIP/week5/quiz1/data/query/bird/00075.png,horse,bird,False,True,2,1,True,True,horse | bird | bird | dog | bird,bird | bird | bird | bird | bird
bird,/home/emily/MMIP/week5/quiz1/data/query/bird/00076.png,bird,bird,True,True,1,1,True,True,bird | bird | bird | frog | frog,bird | bird | bird | bird | bird
bird,/home/emily/MMIP/week5/quiz1/data/query/bird/00077.png,bird,bird,True,True,1,1,True,True,bird | bird | bird | bird | bird,bird | bird | bird | bird | bird
bird,/home/emily/MMIP/week5/quiz1/data/query/bird/00078.png,deer,bird,False,True,,1,False,True,deer | deer | deer | deer | cat,bird | bird | bird | bird | bird
bird,/home/emily/MMIP/week5/quiz1/data/query/bird/00079.png,bird,bird,True,True,1,1,True,True,bird | bird | bird | bird | cat,bird | dog | bird | bird | bird
bird,/home/emily/MMIP/week5/quiz1/data/query/bird/00080.png,bird,bird,True,True,1,1,True,True,bird | deer | bird | bird | bird,bird | bird | bird | bird | bird
bird,/home/emily/MMIP/week5/quiz1/data/query/bird/00081.png,bird,bird,True,True,1,1,True,True,bird | bird | bird | bird | bird,bird | bird | bird | bird | bird
bird,/home/emily/MMIP/week5/quiz1/data/query/bird/00082.png,bird,bird,True,True,1,1,True,True,bird | bird | bird | bird | bird,bird | bird | bird | bird | bird
bird,/home/emily/MMIP/week5/quiz1/data/query/bird/00083.png,bird,bird,True,True,1,1,True,True,bird | frog | frog | bird | bird,bird | bird | frog | frog | bird
bird,/home/emily/MMIP/week5/quiz1/data/query/bird/00084.png,bird,bird,True,True,1,1,True,True,bird | cat | deer | horse | dog,bird | bird | bird | bird | bird
bird,/home/emily/MMIP/week5/quiz1/data/query/bird/00085.png,bird,bird,True,True,1,1,True,True,bird | deer | bird | deer | deer,bird | deer | deer | bird | deer
bird,/home/emily/MMIP/week5/quiz1/data/query/bird/00086.png,bird,bird,True,True,1,1,True,True,bird | bird | bird | bird | bird,bird | bird | bird | bird | bird
bird,/home/emily/MMIP/week5/quiz1/data/query/bird/00087.png,dog,bird,False,True,2,1,True,True,dog | bird | bird | bird | bird,bird | bird | bird | bird | bird
bird,/home/emily/MMIP/week5/quiz1/data/query/bird/00088.png,bird,bird,True,True,1,1,True,True,bird | bird | bird | bird | bird,bird | bird | bird | bird | bird
bird,/home/emily/MMIP/week5/quiz1/data/query/bird/00089.png,bird,bird,True,True,1,1,True,True,bird | bird | bird | bird | bird,bird | bird | bird | bird | bird
bird,/home/emily/MMIP/week5/quiz1/data/query/bird/00090.png,bird,bird,True,True,1,1,True,True,bird | bird | bird | bird | bird,bird | deer | bird | bird | deer
bird,/home/emily/MMIP/week5/quiz1/data/query/bird/00091.png,dog,bird,False,True,,1,False,True,dog | dog | cat | frog | cat,bird | bird | bird | bird | bird
bird,/home/emily/MMIP/week5/quiz1/data/query/bird/00092.png,cat,frog,False,False,2,,True,False,cat | bird | bird | cat | deer,frog | frog | frog | frog | dog
bird,/home/emily/MMIP/week5/quiz1/data/query/bird/00093.png,bird,bird,True,True,1,1,True,True,bird | bird | bird | bird | horse,bird | bird | bird | bird | bird
bird,/home/emily/MMIP/week5/quiz1/data/query/bird/00094.png,bird,bird,True,True,1,1,True,True,bird | deer | bird | deer | bird,bird | bird | bird | bird | bird
bird,/home/emily/MMIP/week5/quiz1/data/query/bird/00095.png,bird,bird,True,True,1,1,True,True,bird | bird | bird | bird | bird,bird | bird | bird | bird | bird
bird,/home/emily/MMIP/week5/quiz1/data/query/bird/00096.png,bird,bird,True,True,1,1,True,True,bird | bird | bird | bird | bird,bird | bird | bird | bird | bird
bird,/home/emily/MMIP/week5/quiz1/data/query/bird/00097.png,deer,bird,False,True,,1,False,True,deer | frog | frog | cat | frog,bird | bird | bird | bird | bird
bird,/home/emily/MMIP/week5/quiz1/data/query/bird/00098.png,bird,bird,True,True,1,1,True,True,bird | bird | bird | bird | bird,bird | bird | bird | bird | bird
bird,/home/emily/MMIP/week5/quiz1/data/query/bird/00099.png,airplane,bird,False,True,2,1,True,True,airplane | bird | ship | frog | automobile,bird | bird | bird | bird | bird
cat,/home/emily/MMIP/week5/quiz1/data/query/cat/00000.png,cat,dog,True,False,1,2,True,True,cat | cat | cat | cat | cat,dog | cat | dog | dog | cat
cat,/home/emily/MMIP/week5/quiz1/data/query/cat/00001.png,cat,cat,True,True,1,1,True,True,cat | cat | cat | cat | cat,cat | cat | horse | cat | cat
cat,/home/emily/MMIP/week5/quiz1/data/query/cat/00002.png,dog,cat,False,True,2,1,True,True,dog | cat | dog | dog | dog,cat | cat | cat | cat | dog
cat,/home/emily/MMIP/week5/quiz1/data/query/cat/00003.png,cat,frog,True,False,1,2,True,True,cat | cat | cat | cat | cat,frog | cat | cat | frog | dog
cat,/home/emily/MMIP/week5/quiz1/data/query/cat/00004.png,bird,bird,False,False,5,,True,False,bird | frog | frog | frog | cat,bird | bird | bird | bird | frog
cat,/home/emily/MMIP/week5/quiz1/data/query/cat/00005.png,ship,cat,False,True,2,1,True,True,ship | cat | ship | cat | cat,cat | cat | cat | cat | cat
cat,/home/emily/MMIP/week5/quiz1/data/query/cat/00006.png,cat,dog,True,False,1,2,True,True,cat | frog | deer | horse | frog,dog | cat | cat | frog | deer
cat,/home/emily/MMIP/week5/quiz1/data/query/cat/00007.png,cat,cat,True,True,1,1,True,True,cat | cat | cat | dog | dog,cat | cat | cat | cat | cat
cat,/home/emily/MMIP/week5/quiz1/data/query/cat/00008.png,dog,dog,False,False,,,False,False,dog | dog | horse | dog | horse,dog | dog | dog | dog | dog
cat,/home/emily/MMIP/week5/quiz1/data/query/cat/00009.png,cat,cat,True,True,1,1,True,True,cat | cat | dog | cat | dog,cat | cat | cat | cat | cat
cat,/home/emily/MMIP/week5/quiz1/data/query/cat/00010.png,cat,cat,True,True,1,1,True,True,cat | cat | cat | cat | dog,cat | cat | cat | cat | cat
cat,/home/emily/MMIP/week5/quiz1/data/query/cat/00011.png,cat,cat,True,True,1,1,True,True,cat | cat | frog | frog | cat,cat | cat | cat | cat | cat
cat,/home/emily/MMIP/week5/quiz1/data/query/cat/00012.png,cat,dog,True,False,1,3,True,True,cat | cat | cat | cat | cat,dog | dog | cat | dog | cat
cat,/home/emily/MMIP/week5/quiz1/data/query/cat/00013.png,dog,cat,False,True,3,1,True,True,dog | horse | cat | cat | dog,cat | cat | cat | dog | cat
cat,/home/emily/MMIP/week5/quiz1/data/query/cat/00014.png,cat,frog,True,False,1,2,True,True,cat | cat | deer | bird | frog,frog | cat | frog | frog | deer
cat,/home/emily/MMIP/week5/quiz1/data/query/cat/00015.png,cat,cat,True,True,1,1,True,True,cat | cat | cat | cat | cat,cat | horse | horse | horse | horse
cat,/home/emily/MMIP/week5/quiz1/data/query/cat/00016.png,cat,frog,True,False,1,2,True,True,cat | frog | frog | cat | cat,frog | cat | cat | frog | dog
cat,/home/emily/MMIP/week5/quiz1/data/query/cat/00017.png,frog,horse,False,False,2,5,True,True,frog | cat | horse | cat | frog,horse | horse | horse | dog | cat
cat,/home/emily/MMIP/week5/quiz1/data/query/cat/00018.png,cat,cat,True,True,1,1,True,True,cat | cat | horse | cat | cat,cat | cat | cat | horse | cat
cat,/home/emily/MMIP/week5/quiz1/data/query/cat/00019.png,cat,cat,True,True,1,1,True,True,cat | cat | dog | cat | cat,cat | cat | cat | cat | cat
cat,/home/emily/MMIP/week5/quiz1/data/query/cat/00020.png,cat,cat,True,True,1,1,True,True,cat | cat | cat | cat | cat,cat | dog | deer | cat | horse
cat,/home/emily/MMIP/week5/quiz1/data/query/cat/00021.png,cat,frog,True,False,1,4,True,True,cat | frog | frog | frog | cat,frog | frog | frog | cat | frog
cat,/home/emily/MMIP/week5/quiz1/data/query/cat/00022.png,horse,cat,False,True,2,1,True,True,horse | cat | cat | dog | dog,cat | cat | cat | cat | cat
cat,/home/emily/MMIP/week5/quiz1/data/query/cat/00023.png,cat,cat,True,True,1,1,True,True,cat | cat | dog | cat | cat,cat | cat | cat | frog | dog
cat,/home/emily/MMIP/week5/quiz1/data/query/cat/00024.png,cat,cat,True,True,1,1,True,True,cat | cat | airplane | cat | dog,cat | cat | cat | cat | cat
cat,/home/emily/MMIP/week5/quiz1/data/query/cat/00025.png,cat,cat,True,True,1,1,True,True,cat | cat | cat | dog | cat,cat | cat | cat | cat | cat
cat,/home/emily/MMIP/week5/quiz1/data/query/cat/00026.png,ship,horse,False,False,2,3,True,True,ship | cat | deer | horse | bird,horse | dog | cat | horse | cat
cat,/home/emily/MMIP/week5/quiz1/data/query/cat/00027.png,deer,cat,False,True,4,1,True,True,deer | dog | frog | cat | deer,cat | cat | cat | cat | cat
cat,/home/emily/MMIP/week5/quiz1/data/query/cat/00028.png,cat,cat,True,True,1,1,True,True,cat | cat | cat | cat | dog,cat | cat | cat | cat | cat
cat,/home/emily/MMIP/week5/quiz1/data/query/cat/00029.png,horse,cat,False,True,,1,False,True,horse | horse | dog | deer | deer,cat | cat | cat | cat | cat
cat,/home/emily/MMIP/week5/quiz1/data/query/cat/00030.png,cat,cat,True,True,1,1,True,True,cat | cat | cat | cat | cat,cat | cat | cat | cat | cat
cat,/home/emily/MMIP/week5/quiz1/data/query/cat/00031.png,cat,frog,True,False,1,2,True,True,cat | cat | frog | cat | cat,frog | cat | dog | dog | dog
cat,/home/emily/MMIP/week5/quiz1/data/query/cat/00032.png,cat,cat,True,True,1,1,True,True,cat | cat | dog | cat | cat,cat | cat | cat | cat | cat
cat,/home/emily/MMIP/week5/quiz1/data/query/cat/00033.png,cat,cat,True,True,1,1,True,True,cat | cat | cat | cat | cat,cat | cat | cat | cat | cat
cat,/home/emily/MMIP/week5/quiz1/data/query/cat/00034.png,cat,dog,True,False,1,,True,False,cat | dog | dog | dog | frog,dog | frog | dog | dog | frog
cat,/home/emily/MMIP/week5/quiz1/data/query/cat/00035.png,cat,frog,True,False,1,4,True,True,cat | cat | cat | dog | dog,frog | dog | dog | cat | frog
cat,/home/emily/MMIP/week5/quiz1/data/query/cat/00036.png,dog,cat,False,True,2,1,True,True,dog | cat | cat | cat | cat,cat | cat | dog | dog | cat
cat,/home/emily/MMIP/week5/quiz1/data/query/cat/00037.png,cat,dog,True,False,1,2,True,True,cat | cat | dog | cat | horse,dog | cat | cat | cat | horse
cat,/home/emily/MMIP/week5/quiz1/data/query/cat/00038.png,cat,cat,True,True,1,1,True,True,cat | cat | cat | deer | dog,cat | cat | cat | cat | cat
cat,/home/emily/MMIP/week5/quiz1/data/query/cat/00039.png,dog,cat,False,True,2,1,True,True,dog | cat | horse | horse | cat,cat | cat | dog | dog | cat
cat,/home/emily/MMIP/week5/quiz1/data/query/cat/00040.png,dog,frog,False,False,,3,False,True,dog | frog | frog | dog | frog,frog | frog | cat | frog | bird
cat,/home/emily/MMIP/week5/quiz1/data/query/cat/00041.png,cat,cat,True,True,1,1,True,True,cat | cat | cat | cat | cat,cat | cat | cat | cat | cat
cat,/home/emily/MMIP/week5/quiz1/data/query/cat/00042.png,truck,cat,False,True,3,1,True,True,truck | horse | cat | dog | automobile,cat | cat | dog | cat | cat
cat,/home/emily/MMIP/week5/quiz1/data/query/cat/00043.png,cat,dog,True,False,1,2,True,True,cat | dog | cat | cat | cat,dog | cat | cat | dog | cat
cat,/home/emily/MMIP/week5/quiz1/data/query/cat/00044.png,horse,cat,False,True,2,1,True,True,horse | cat | deer | dog | horse,cat | cat | horse | deer | deer
cat,/home/emily/MMIP/week5/quiz1/data/query/cat/00045.png,deer,cat,False,True,2,1,True,True,deer | cat | deer | deer | deer,cat | dog | deer | deer | deer
cat,/home/emily/MMIP/week5/quiz1/data/query/cat/00046.png,cat,cat,True,True,1,1,True,True,cat | cat | cat | cat | cat,cat | cat | cat | cat | cat
cat,/home/emily/MMIP/week5/quiz1/data/query/cat/00047.png,cat,cat,True,True,1,1,True,True,cat | cat | frog | cat | cat,cat | dog | cat | cat | cat
cat,/home/emily/MMIP/week5/quiz1/data/query/cat/00048.png,cat,dog,True,False,1,,True,False,cat | dog | frog | cat | bird,dog | dog | dog | frog | dog
cat,/home/emily/MMIP/week5/quiz1/data/query/cat/00049.png,cat,cat,True,True,1,1,True,True,cat | cat | cat | cat | frog,cat | cat | cat | dog | cat
cat,/home/emily/MMIP/week5/quiz1/data/query/cat/00050.png,cat,cat,True,True,1,1,True,True,cat | cat | cat | cat | cat,cat | cat | cat | cat | cat
cat,/home/emily/MMIP/week5/quiz1/data/query/cat/00051.png,cat,cat,True,True,1,1,True,True,cat | cat | cat | cat | dog,cat | cat | dog | cat | dog
cat,/home/emily/MMIP/week5/quiz1/data/query/cat/00052.png,cat,cat,True,True,1,1,True,True,cat | cat | automobile | dog | dog,cat | cat | cat | cat | dog
cat,/home/emily/MMIP/week5/quiz1/data/query/cat/00053.png,frog,cat,False,True,,1,False,True,frog | frog | horse | horse | dog,cat | cat | cat | cat | frog
cat,/home/emily/MMIP/week5/quiz1/data/query/cat/00054.png,horse,cat,False,True,,1,False,True,horse | horse | truck | horse | horse,cat | dog | cat | cat | cat
cat,/home/emily/MMIP/week5/quiz1/data/query/cat/00055.png,cat,cat,True,True,1,1,True,True,cat | cat | frog | cat | cat,cat | cat | cat | cat | cat
cat,/home/emily/MMIP/week5/quiz1/data/query/cat/00056.png,cat,deer,True,False,1,,True,False,cat | cat | cat | cat | dog,deer | bird | bird | horse | horse
cat,/home/emily/MMIP/week5/quiz1/data/query/cat/00057.png,ship,cat,False,True,2,1,True,True,ship | cat | cat | cat | cat,cat | cat | cat | cat | cat
cat,/home/emily/MMIP/week5/quiz1/data/query/cat/00058.png,bird,cat,False,True,,1,False,True,bird | bird | deer | bird | ship,cat | bird | bird | bird | cat
cat,/home/emily/MMIP/week5/quiz1/data/query/cat/00059.png,cat,cat,True,True,1,1,True,True,cat | cat | cat | cat | cat,cat | frog | frog | frog | dog
cat,/home/emily/MMIP/week5/quiz1/data/query/cat/00060.png,bird,frog,False,False,2,3,True,True,bird | cat | cat | bird | frog,frog | frog | cat | cat | frog
cat,/home/emily/MMIP/week5/quiz1/data/query/cat/00061.png,cat,cat,True,True,1,1,True,True,cat | cat | cat | cat | cat,cat | cat | cat | cat | cat
cat,/home/emily/MMIP/week5/quiz1/data/query/cat/00062.png,automobile,cat,False,True,4,1,True,True,automobile | dog | automobile | cat | truck,cat | cat | cat | cat | cat
cat,/home/emily/MMIP/week5/quiz1/data/query/cat/00063.png,bird,bird,False,False,5,2,True,True,bird | bird | bird | dog | cat,bird | cat | cat | cat | dog
cat,/home/emily/MMIP/week5/quiz1/data/query/cat/00064.png,cat,cat,True,True,1,1,True,True,cat | cat | cat | cat | cat,cat | dog | cat | cat | dog
cat,/home/emily/MMIP/week5/quiz1/data/query/cat/00065.png,cat,cat,True,True,1,1,True,True,cat | cat | cat | bird | cat,cat | cat | cat | cat | cat
cat,/home/emily/MMIP/week5/quiz1/data/query/cat/00066.png,cat,cat,True,True,1,1,True,True,cat | cat | cat | cat | cat,cat | cat | cat | frog | frog
cat,/home/emily/MMIP/week5/quiz1/data/query/cat/00067.png,cat,cat,True,True,1,1,True,True,cat | cat | cat | dog | frog,cat | cat | frog | cat | cat
cat,/home/emily/MMIP/week5/quiz1/data/query/cat/00068.png,cat,cat,True,True,1,1,True,True,cat | cat | frog | deer | deer,cat | cat | cat | cat | cat
cat,/home/emily/MMIP/week5/quiz1/data/query/cat/00069.png,cat,cat,True,True,1,1,True,True,cat | cat | cat | cat | cat,cat | cat | cat | cat | cat
cat,/home/emily/MMIP/week5/quiz1/data/query/cat/00070.png,cat,cat,True,True,1,1,True,True,cat | cat | cat | cat | cat,cat | cat | cat | cat | frog
cat,/home/emily/MMIP/week5/quiz1/data/query/cat/00071.png,cat,cat,True,True,1,1,True,True,cat | cat | cat | bird | cat,cat | cat | cat | cat | cat
cat,/home/emily/MMIP/week5/quiz1/data/query/cat/00072.png,automobile,bird,False,False,2,,True,False,automobile | cat | dog | truck | cat,bird | bird | deer | frog | dog
cat,/home/emily/MMIP/week5/quiz1/data/query/cat/00073.png,horse,dog,False,False,4,5,True,True,horse | dog | horse | cat | cat,dog | horse | horse | horse | cat
cat,/home/emily/MMIP/week5/quiz1/data/query/cat/00074.png,horse,cat,False,True,5,1,True,True,horse | deer | horse | dog | cat,cat | cat | cat | cat | cat
cat,/home/emily/MMIP/week5/quiz1/data/query/cat/00075.png,cat,cat,True,True,1,1,True,True,cat | cat | cat | cat | cat,cat | cat | cat | cat | cat
cat,/home/emily/MMIP/week5/quiz1/data/query/cat/00076.png,frog,frog,False,False,2,,True,False,frog | cat | frog | deer | deer,frog | bird | frog | airplane | airplane
cat,/home/emily/MMIP/week5/quiz1/data/query/cat/00077.png,frog,dog,False,False,,4,False,True,frog | frog | dog | frog | horse,dog | deer | deer | cat | dog
cat,/home/emily/MMIP/week5/quiz1/data/query/cat/00078.png,dog,bird,False,False,5,,True,False,dog | dog | frog | dog | cat,bird | dog | dog | dog | bird
cat,/home/emily/MMIP/week5/quiz1/data/query/cat/00079.png,cat,dog,True,False,1,5,True,True,cat | deer | bird | cat | cat,dog | dog | dog | deer | cat
cat,/home/emily/MMIP/week5/quiz1/data/query/cat/00080.png,horse,frog,False,False,3,2,True,True,horse | dog | cat | cat | dog,frog | cat | cat | frog | frog
cat,/home/emily/MMIP/week5/quiz1/data/query/cat/00081.png,cat,frog,True,False,1,2,True,True,cat | cat | frog | cat | dog,frog | cat | cat | frog | frog
cat,/home/emily/MMIP/week5/quiz1/data/query/cat/00082.png,horse,cat,False,True,,1,False,True,horse | truck | truck | ship | horse,cat | cat | cat | cat | cat
cat,/home/emily/MMIP/week5/quiz1/data/query/cat/00083.png,deer,cat,False,True,4,1,True,True,deer | deer | airplane | cat | cat,cat | airplane | deer | deer | airplane
cat,/home/emily/MMIP/week5/quiz1/data/query/cat/00084.png,frog,frog,False,False,,,False,False,frog | frog | frog | frog | frog,frog | frog | frog | frog | frog
cat,/home/emily/MMIP/week5/quiz1/data/query/cat/00085.png,cat,cat,True,True,1,1,True,True,cat | frog | dog | cat | dog,cat | dog | cat | dog | dog
cat,/home/emily/MMIP/week5/quiz1/data/query/cat/00086.png,cat,dog,True,False,1,,True,False,cat | dog | cat | cat | cat,dog | dog | dog | dog | dog
cat,/home/emily/MMIP/week5/quiz1/data/query/cat/00087.png,cat,bird,True,False,1,,True,False,cat | bird | cat | cat | frog,bird | dog | dog | dog | dog
cat,/home/emily/MMIP/week5/quiz1/data/query/cat/00088.png,dog,cat,False,True,3,1,True,True,dog | dog | cat | cat | cat,cat | cat | cat | cat | cat
cat,/home/emily/MMIP/week5/quiz1/data/query/cat/00089.png,cat,deer,True,False,1,2,True,True,cat | dog | cat | horse | deer,deer | cat | horse | cat | cat
cat,/home/emily/MMIP/week5/quiz1/data/query/cat/00090.png,ship,frog,False,False,,,False,False,ship | horse | airplane | airplane | horse,frog | bird | frog | deer | frog
cat,/home/emily/MMIP/week5/quiz1/data/query/cat/00091.png,cat,cat,True,True,1,1,True,True,cat | cat | cat | cat | dog,cat | cat | cat | dog | cat
cat,/home/emily/MMIP/week5/quiz1/data/query/cat/00092.png,cat,truck,True,False,1,,True,False,cat | truck | cat | automobile | truck,truck | dog | automobile | truck | dog
cat,/home/emily/MMIP/week5/quiz1/data/query/cat/00093.png,cat,cat,True,True,1,1,True,True,cat | cat | cat | cat | cat,cat | cat | cat | cat | cat
cat,/home/emily/MMIP/week5/quiz1/data/query/cat/00094.png,dog,horse,False,False,2,2,True,True,dog | cat | cat | dog | cat,horse | cat | dog | cat | dog
cat,/home/emily/MMIP/week5/quiz1/data/query/cat/00095.png,cat,dog,True,False,1,2,True,True,cat | dog | horse | bird | deer,dog | cat | horse | dog | dog
cat,/home/emily/MMIP/week5/quiz1/data/query/cat/00096.png,horse,cat,False,True,2,1,True,True,horse | cat | airplane | cat | dog,cat | horse | horse | frog | frog
cat,/home/emily/MMIP/week5/quiz1/data/query/cat/00097.png,deer,cat,False,True,3,1,True,True,deer | dog | cat | cat | horse,cat | cat | cat | deer | dog
cat,/home/emily/MMIP/week5/quiz1/data/query/cat/00098.png,cat,cat,True,True,1,1,True,True,cat | cat | cat | cat | cat,cat | cat | cat | cat | cat
cat,/home/emily/MMIP/week5/quiz1/data/query/cat/00099.png,cat,dog,True,False,1,4,True,True,cat | cat | frog | cat | cat,dog | frog | frog | cat | frog
deer,/home/emily/MMIP/week5/quiz1/data/query/deer/00000.png,deer,deer,True,True,1,1,True,True,deer | deer | deer | deer | deer,deer | deer | deer | deer | deer
deer,/home/emily/MMIP/week5/quiz1/data/query/deer/00001.png,cat,horse,False,False,,,False,False,cat | horse | frog | cat | cat,horse | horse | horse | horse | cat
deer,/home/emily/MMIP/week5/quiz1/data/query/deer/00002.png,deer,deer,True,True,1,1,True,True,deer | deer | deer | deer | deer,deer | deer | deer | deer | deer
deer,/home/emily/MMIP/week5/quiz1/data/query/deer/00003.png,deer,horse,True,False,1,2,True,True,deer | deer | deer | deer | deer,horse | deer | deer | deer | deer
deer,/home/emily/MMIP/week5/quiz1/data/query/deer/00004.png,deer,deer,True,True,1,1,True,True,deer | airplane | airplane | horse | horse,deer | airplane | airplane | airplane | airplane
deer,/home/emily/MMIP/week5/quiz1/data/query/deer/00005.png,dog,dog,False,False,,,False,False,dog | dog | cat | dog | dog,dog | dog | dog | dog | dog
deer,/home/emily/MMIP/week5/quiz1/data/query/deer/00006.png,deer,horse,True,False,1,,True,False,deer | deer | deer | deer | horse,horse | horse | horse | horse | horse
deer,/home/emily/MMIP/week5/quiz1/data/query/deer/00007.png,deer,deer,True,True,1,1,True,True,deer | deer | horse | deer | deer,deer | deer | deer | deer | deer
deer,/home/emily/MMIP/week5/quiz1/data/query/deer/00008.png,deer,cat,True,False,1,2,True,True,deer | frog | frog | frog | deer,cat | deer | deer | deer | deer
deer,/home/emily/MMIP/week5/quiz1/data/query/deer/00009.png,truck,horse,False,False,,,False,False,truck | truck | bird | truck | cat,horse | horse | horse | horse | horse
deer,/home/emily/MMIP/week5/quiz1/data/query/deer/00010.png,deer,deer,True,True,1,1,True,True,deer | deer | bird | deer | deer,deer | deer | deer | deer | deer
deer,/home/emily/MMIP/week5/quiz1/data/query/deer/00011.png,deer,deer,True,True,1,1,True,True,deer | deer | deer | horse | deer,deer | deer | deer | deer | deer
deer,/home/emily/MMIP/week5/quiz1/data/query/deer/00012.png,bird,deer,False,True,2,1,True,True,bird | deer | deer | deer | deer,deer | deer | deer | deer | bird
deer,/home/emily/MMIP/week5/quiz1/data/query/deer/00013.png,deer,deer,True,True,1,1,True,True,deer | deer | deer | deer | deer,deer | deer | deer | deer | deer
deer,/home/emily/MMIP/week5/quiz1/data/query/deer/00014.png,cat,cat,False,False,4,,True,False,cat | dog | cat | deer | cat,cat | dog | dog | horse | horse
deer,/home/emily/MMIP/week5/quiz1/data/query/deer/00015.png,ship,deer,False,True,2,1,True,True,ship | deer | deer | deer | deer,deer | deer | deer | bird | deer
deer,/home/emily/MMIP/week5/quiz1/data/query/deer/00016.png,deer,dog,True,False,1,2,True,True,deer | deer | deer | deer | deer,dog | deer | deer | deer | deer
deer,/home/emily/MMIP/week5/quiz1/data/query/deer/00017.png,deer,deer,True,True,1,1,True,True,deer | deer | deer | deer | deer,deer | deer | deer | deer | deer
deer,/home/emily/MMIP/week5/quiz1/data/query/deer/00018.png,deer,deer,True,True,1,1,True,True,deer | deer | deer | deer | deer,deer | deer | deer | deer | deer
deer,/home/emily/MMIP/week5/quiz1/data/query/deer/00019.png,deer,deer,True,True,1,1,True,True,deer | deer | deer | deer | deer,deer | deer | deer | deer | deer
deer,/home/emily/MMIP/week5/quiz1/data/query/deer/00020.png,deer,deer,True,True,1,1,True,True,deer | deer | deer | deer | deer,deer | deer | deer | deer | deer
deer,/home/emily/MMIP/week5/quiz1/data/query/deer/00021.png,deer,deer,True,True,1,1,True,True,deer | deer | deer | horse | horse,deer | deer | deer | deer | deer
deer,/home/emily/MMIP/week5/quiz1/data/query/deer/00022.png,deer,bird,True,False,1,3,True,True,deer | deer | deer | deer | deer,bird | bird | deer | deer | bird
deer,/home/emily/MMIP/week5/quiz1/data/query/deer/00023.png,dog,deer,False,True,2,1,True,True,dog | deer | deer | deer | dog,deer | deer | deer | deer | deer
deer,/home/emily/MMIP/week5/quiz1/data/query/deer/00024.png,frog,deer,False,True,,1,False,True,frog | frog | horse | frog | frog,deer | deer | frog | horse | deer
deer,/home/emily/MMIP/week5/quiz1/data/query/deer/00025.png,frog,deer,False,True,3,1,True,True,frog | horse | deer | airplane | ship,deer | deer | deer | deer | deer
deer,/home/emily/MMIP/week5/quiz1/data/query/deer/00026.png,horse,horse,False,False,,4,False,True,horse | horse | dog | dog | dog,horse | cat | horse | deer | horse
deer,/home/emily/MMIP/week5/quiz1/data/query/deer/00027.png,horse,horse,False,False,3,2,True,True,horse | horse | deer | deer | deer,horse | deer | horse | deer | deer
deer,/home/emily/MMIP/week5/quiz1/data/query/deer/00028.png,bird,deer,False,True,2,1,True,True,bird | deer | deer | deer | horse,deer | deer | airplane | deer | bird
deer,/home/emily/MMIP/week5/quiz1/data/query/deer/00029.png,ship,deer,False,True,,1,False,True,ship | ship | ship | airplane | bird,deer | deer | deer | cat | cat
deer,/home/emily/MMIP/week5/quiz1/data/query/deer/00030.png,cat,deer,False,True,2,1,True,True,cat | deer | deer | frog | deer,deer | deer | deer | horse | cat
deer,/home/emily/MMIP/week5/quiz1/data/query/deer/00031.png,deer,deer,True,True,1,1,True,True,deer | deer | deer | deer | deer,deer | deer | deer | deer | deer
deer,/home/emily/MMIP/week5/quiz1/data/query/deer/00032.png,deer,deer,True,True,1,1,True,True,deer | deer | bird | deer | horse,deer | deer | deer | deer | deer
deer,/home/emily/MMIP/week5/quiz1/data/query/deer/00033.png,deer,deer,True,True,1,1,True,True,deer | deer | frog | frog | deer,deer | deer | deer | bird | deer
deer,/home/emily/MMIP/week5/quiz1/data/query/deer/00034.png,horse,deer,False,True,2,1,True,True,horse | deer | deer | deer | deer,deer | deer | deer | dog | dog
deer,/home/emily/MMIP/week5/quiz1/data/query/deer/00035.png,cat,dog,False,False,5,4,True,True,cat | cat | dog | dog | deer,dog | cat | cat | deer | dog
deer,/home/emily/MMIP/week5/quiz1/data/query/deer/00036.png,deer,bird,True,False,1,2,True,True,deer | deer | horse | deer | deer,bird | deer | deer | deer | deer
deer,/home/emily/MMIP/week5/quiz1/data/query/deer/00037.png,deer,deer,True,True,1,1,True,True,deer | deer | bird | cat | deer,deer | dog | deer | dog | deer
deer,/home/emily/MMIP/week5/quiz1/data/query/deer/00038.png,deer,deer,True,True,1,1,True,True,deer | deer | deer | deer | deer,deer | deer | deer | deer | deer
deer,/home/emily/MMIP/week5/quiz1/data/query/deer/00039.png,deer,deer,True,True,1,1,True,True,deer | deer | deer | deer | dog,deer | deer | deer | deer | deer
deer,/home/emily/MMIP/week5/quiz1/data/query/deer/00040.png,deer,deer,True,True,1,1,True,True,deer | deer | deer | frog | deer,deer | deer | deer | deer | deer
deer,/home/emily/MMIP/week5/quiz1/data/query/deer/00041.png,frog,frog,False,False,,,False,False,frog | frog | frog | frog | frog,frog | frog | frog | frog | frog
deer,/home/emily/MMIP/week5/quiz1/data/query/deer/00042.png,horse,horse,False,False,3,3,True,True,horse | horse | deer | horse | horse,horse | cat | deer | bird | deer
deer,/home/emily/MMIP/week5/quiz1/data/query/deer/00043.png,deer,deer,True,True,1,1,True,True,deer | deer | deer | deer | deer,deer | deer | deer | deer | deer
deer,/home/emily/MMIP/week5/quiz1/data/query/deer/00044.png,deer,deer,True,True,1,1,True,True,deer | cat | dog | deer | cat,deer | deer | deer | deer | deer
deer,/home/emily/MMIP/week5/quiz1/data/query/deer/00045.png,deer,deer,True,True,1,1,True,True,deer | deer | deer | deer | deer,deer | deer | deer | deer | deer
deer,/home/emily/MMIP/week5/quiz1/data/query/deer/00046.png,deer,deer,True,True,1,1,True,True,deer | deer | deer | deer | frog,deer | deer | deer | deer | deer
deer,/home/emily/MMIP/week5/quiz1/data/query/deer/00047.png,deer,deer,True,True,1,1,True,True,deer | deer | deer | deer | deer,deer | deer | deer | deer | deer
deer,/home/emily/MMIP/week5/quiz1/data/query/deer/00048.png,deer,deer,True,True,1,1,True,True,deer | deer | frog | deer | deer,deer | deer | deer | deer | bird
deer,/home/emily/MMIP/week5/quiz1/data/query/deer/00049.png,deer,deer,True,True,1,1,True,True,deer | deer | deer | deer | deer,deer | deer | bird | deer | deer
deer,/home/emily/MMIP/week5/quiz1/data/query/deer/00050.png,truck,deer,False,True,,1,False,True,truck | automobile | horse | airplane | airplane,deer | deer | deer | horse | horse
deer,/home/emily/MMIP/week5/quiz1/data/query/deer/00051.png,horse,deer,False,True,3,1,True,True,horse | horse | deer | deer | horse,deer | airplane | horse | horse | airplane
deer,/home/emily/MMIP/week5/quiz1/data/query/deer/00052.png,deer,deer,True,True,1,1,True,True,deer | cat | deer | deer | deer,deer | deer | deer | deer | deer
deer,/home/emily/MMIP/week5/quiz1/data/query/deer/00053.png,horse,deer,False,True,2,1,True,True,horse | deer | horse | horse | horse,deer | deer | deer | deer | deer
deer,/home/emily/MMIP/week5/quiz1/data/query/deer/00054.png,deer,deer,True,True,1,1,True,True,deer | deer | deer | deer | deer,deer | deer | deer | deer | deer
deer,/home/emily/MMIP/week5/quiz1/data/query/deer/00055.png,deer,deer,True,True,1,1,True,True,deer | horse | horse | deer | horse,deer | deer | deer | deer | deer
deer,/home/emily/MMIP/week5/quiz1/data/query/deer/00056.png,frog,deer,False,True,3,1,True,True,frog | frog | deer | frog | deer,deer | deer | deer | deer | deer
deer,/home/emily/MMIP/week5/quiz1/data/query/deer/00057.png,deer,deer,True,True,1,1,True,True,deer | deer | bird | deer | horse,deer | deer | deer | deer | deer
deer,/home/emily/MMIP/week5/quiz1/data/query/deer/00058.png,horse,horse,False,False,2,,True,False,horse | deer | horse | horse | horse,horse | horse | horse | horse | horse
deer,/home/emily/MMIP/week5/quiz1/data/query/deer/00059.png,deer,dog,True,False,1,,True,False,deer | deer | deer | deer | deer,dog | dog | cat | cat | dog
deer,/home/emily/MMIP/week5/quiz1/data/query/deer/00060.png,deer,deer,True,True,1,1,True,True,deer | deer | deer | deer | deer,deer | deer | deer | deer | deer
deer,/home/emily/MMIP/week5/quiz1/data/query/deer/00061.png,deer,deer,True,True,1,1,True,True,deer | horse | horse | horse | horse,deer | deer | bird | deer | bird
deer,/home/emily/MMIP/week5/quiz1/data/query/deer/00062.png,deer,cat,True,False,1,2,True,True,deer | deer | deer | deer | frog,cat | deer | cat | deer | horse
deer,/home/emily/MMIP/week5/quiz1/data/query/deer/00063.png,horse,deer,False,True,2,1,True,True,horse | deer | deer | deer | horse,deer | deer | dog | deer | deer
deer,/home/emily/MMIP/week5/quiz1/data/query/deer/00064.png,deer,deer,True,True,1,1,True,True,deer | horse | deer | horse | deer,deer | horse | horse | dog | bird
deer,/home/emily/MMIP/week5/quiz1/data/query/deer/00065.png,deer,airplane,True,False,1,4,True,True,deer | frog | deer | frog | deer,airplane | airplane | bird | deer | deer
deer,/home/emily/MMIP/week5/quiz1/data/query/deer/00066.png,deer,airplane,True,False,1,,True,False,deer | deer | ship | truck | automobile,airplane | airplane | airplane | airplane | airplane
deer,/home/emily/MMIP/week5/quiz1/data/query/deer/00067.png,deer,deer,True,True,1,1,True,True,deer | horse | horse | horse | deer,deer | ship | ship | ship | deer
deer,/home/emily/MMIP/week5/quiz1/data/query/deer/00068.png,deer,deer,True,True,1,1,True,True,deer | horse | deer | horse | deer,deer | deer | deer | deer | deer
deer,/home/emily/MMIP/week5/quiz1/data/query/deer/00069.png,deer,deer,True,True,1,1,True,True,deer | deer | deer | deer | deer,deer | deer | deer | deer | deer
deer,/home/emily/MMIP/week5/quiz1/data/query/deer/00070.png,horse,deer,False,True,2,1,True,True,horse | deer | deer | horse | horse,deer | deer | deer | deer | airplane
deer,/home/emily/MMIP/week5/quiz1/data/query/deer/00071.png,deer,deer,True,True,1,1,True,True,deer | deer | bird | deer | deer,deer | deer | deer | deer | deer
deer,/home/emily/MMIP/week5/quiz1/data/query/deer/00072.png,horse,deer,False,True,2,1,True,True,horse | deer | deer | deer | deer,deer | deer | deer | deer | deer
deer,/home/emily/MMIP/week5/quiz1/data/query/deer/00073.png,horse,deer,False,True,2,1,True,True,horse | deer | deer | deer | deer,deer | deer | deer | deer | horse
deer,/home/emily/MMIP/week5/quiz1/data/query/deer/00074.png,deer,deer,True,True,1,1,True,True,deer | deer | deer | deer | deer,deer | deer | deer | deer | deer
deer,/home/emily/MMIP/week5/quiz1/data/query/deer/00075.png,deer,dog,True,False,1,2,True,True,deer | deer | bird | deer | deer,dog | deer | deer | deer | dog
deer,/home/emily/MMIP/week5/quiz1/data/query/deer/00076.png,deer,deer,True,True,1,1,True,True,deer | deer | deer | deer | deer,deer | deer | deer | deer | deer
deer,/home/emily/MMIP/week5/quiz1/data/query/deer/00077.png,deer,deer,True,True,1,1,True,True,deer | deer | deer | deer | horse,deer | deer | deer | deer | deer
deer,/home/emily/MMIP/week5/quiz1/data/query/deer/00078.png,deer,deer,True,True,1,1,True,True,deer | deer | deer | deer | horse,deer | deer | deer | deer | bird
deer,/home/emily/MMIP/week5/quiz1/data/query/deer/00079.png,deer,deer,True,True,1,1,True,True,deer | deer | deer | horse | deer,deer | deer | deer | deer | deer
deer,/home/emily/MMIP/week5/quiz1/data/query/deer/00080.png,frog,airplane,False,False,2,,True,False,frog | deer | frog | deer | frog,airplane | frog | frog | frog | frog
deer,/home/emily/MMIP/week5/quiz1/data/query/deer/00081.png,deer,deer,True,True,1,1,True,True,deer | frog | frog | deer | deer,deer | deer | deer | deer | deer
deer,/home/emily/MMIP/week5/quiz1/data/query/deer/00082.png,deer,deer,True,True,1,1,True,True,deer | frog | frog | frog | deer,deer | deer | deer | deer | deer
deer,/home/emily/MMIP/week5/quiz1/data/query/deer/00083.png,deer,deer,True,True,1,1,True,True,deer | deer | deer | deer | deer,deer | deer | deer | deer | deer
deer,/home/emily/MMIP/week5/quiz1/data/query/deer/00084.png,deer,deer,True,True,1,1,True,True,deer | deer | deer | deer | horse,deer | deer | deer | deer | horse
deer,/home/emily/MMIP/week5/quiz1/data/query/deer/00085.png,frog,deer,False,True,2,1,True,True,frog | deer | bird | frog | deer,deer | deer | deer | deer | deer
deer,/home/emily/MMIP/week5/quiz1/data/query/deer/00086.png,deer,deer,True,True,1,1,True,True,deer | deer | deer | deer | deer,deer | deer | deer | deer | deer
deer,/home/emily/MMIP/week5/quiz1/data/query/deer/00087.png,dog,deer,False,True,2,1,True,True,dog | deer | deer | deer | deer,deer | deer | dog | deer | deer
deer,/home/emily/MMIP/week5/quiz1/data/query/deer/00088.png,deer,deer,True,True,1,1,True,True,deer | deer | deer | deer | deer,deer | deer | deer | deer | deer
deer,/home/emily/MMIP/week5/quiz1/data/query/deer/00089.png,deer,horse,True,False,1,4,True,True,deer | deer | deer | deer | deer,horse | horse | horse | deer | horse
deer,/home/emily/MMIP/week5/quiz1/data/query/deer/00090.png,deer,deer,True,True,1,1,True,True,deer | deer | deer | horse | deer,deer | deer | deer | deer | deer
deer,/home/emily/MMIP/week5/quiz1/data/query/deer/00091.png,deer,deer,True,True,1,1,True,True,deer | deer | deer | deer | deer,deer | deer | deer | deer | deer
deer,/home/emily/MMIP/week5/quiz1/data/query/deer/00092.png,cat,cat,False,False,,2,False,True,cat | cat | cat | cat | cat,cat | deer | cat | cat | bird
deer,/home/emily/MMIP/week5/quiz1/data/query/deer/00093.png,deer,horse,True,False,1,2,True,True,deer | deer | deer | deer | deer,horse | deer | deer | deer | deer
deer,/home/emily/MMIP/week5/quiz1/data/query/deer/00094.png,deer,deer,True,True,1,1,True,True,deer | deer | deer | horse | deer,deer | deer | deer | deer | deer
deer,/home/emily/MMIP/week5/quiz1/data/query/deer/00095.png,deer,horse,True,False,1,,True,False,deer | horse | deer | deer | horse,horse | horse | horse | horse | horse
deer,/home/emily/MMIP/week5/quiz1/data/query/deer/00096.png,deer,dog,True,False,1,,True,False,deer | horse | cat | deer | deer,dog | cat | horse | horse | horse
deer,/home/emily/MMIP/week5/quiz1/data/query/deer/00097.png,horse,horse,False,False,2,,True,False,horse | deer | horse | horse | horse,horse | horse | horse | horse | horse
deer,/home/emily/MMIP/week5/quiz1/data/query/deer/00098.png,deer,deer,True,True,1,1,True,True,deer | deer | deer | deer | deer,deer | bird | bird | deer | cat
deer,/home/emily/MMIP/week5/quiz1/data/query/deer/00099.png,frog,deer,False,True,2,1,True,True,frog | deer | cat | horse | frog,deer | deer | deer | deer | deer
dog,/home/emily/MMIP/week5/quiz1/data/query/dog/00000.png,dog,dog,True,True,1,1,True,True,dog | frog | dog | dog | cat,dog | dog | dog | dog | dog
dog,/home/emily/MMIP/week5/quiz1/data/query/dog/00001.png,dog,dog,True,True,1,1,True,True,dog | dog | dog | dog | dog,dog | dog | dog | dog | dog
dog,/home/emily/MMIP/week5/quiz1/data/query/dog/00002.png,dog,dog,True,True,1,1,True,True,dog | dog | deer | dog | horse,dog | bird | dog | dog | dog
dog,/home/emily/MMIP/week5/quiz1/data/query/dog/00003.png,dog,dog,True,True,1,1,True,True,dog | dog | dog | dog | dog,dog | dog | dog | dog | dog
dog,/home/emily/MMIP/week5/quiz1/data/query/dog/00004.png,dog,dog,True,True,1,1,True,True,dog | cat | cat | cat | cat,dog | dog | bird | cat | dog
dog,/home/emily/MMIP/week5/quiz1/data/query/dog/00005.png,dog,dog,True,True,1,1,True,True,dog | dog | dog | dog | dog,dog | dog | dog | dog | dog
dog,/home/emily/MMIP/week5/quiz1/data/query/dog/00006.png,dog,dog,True,True,1,1,True,True,dog | dog | dog | dog | horse,dog | dog | dog | dog | dog
dog,/home/emily/MMIP/week5/quiz1/data/query/dog/00007.png,dog,dog,True,True,1,1,True,True,dog | horse | deer | bird | horse,dog | dog | horse | dog | dog
dog,/home/emily/MMIP/week5/quiz1/data/query/dog/00008.png,deer,dog,False,True,2,1,True,True,deer | dog | dog | cat | dog,dog | dog | dog | dog | dog
dog,/home/emily/MMIP/week5/quiz1/data/query/dog/00009.png,dog,dog,True,True,1,1,True,True,dog | dog | cat | cat | cat,dog | dog | dog | deer | deer
dog,/home/emily/MMIP/week5/quiz1/data/query/dog/00010.png,dog,dog,True,True,1,1,True,True,dog | dog | dog | dog | dog,dog | dog | dog | dog | dog
dog,/home/emily/MMIP/week5/quiz1/data/query/dog/00011.png,dog,cat,True,False,1,5,True,True,dog | dog | dog | dog | dog,cat | cat | cat | cat | dog
dog,/home/emily/MMIP/week5/quiz1/data/query/dog/00012.png,cat,dog,False,True,4,1,True,True,cat | cat | cat | dog | dog,dog | dog | dog | dog | dog
dog,/home/emily/MMIP/week5/quiz1/data/query/dog/00013.png,dog,dog,True,True,1,1,True,True,dog | cat | horse | dog | cat,dog | cat | cat | cat | cat
dog,/home/emily/MMIP/week5/quiz1/data/query/dog/00014.png,dog,dog,True,True,1,1,True,True,dog | dog | dog | dog | dog,dog | dog | dog | dog | dog
dog,/home/emily/MMIP/week5/quiz1/data/query/dog/00015.png,cat,dog,False,True,4,1,True,True,cat | cat | cat | dog | dog,dog | cat | dog | frog | dog
dog,/home/emily/MMIP/week5/quiz1/data/query/dog/00016.png,dog,dog,True,True,1,1,True,True,dog | dog | dog | dog | dog,dog | dog | dog | dog | dog
dog,/home/emily/MMIP/week5/quiz1/data/query/dog/00017.png,dog,dog,True,True,1,1,True,True,dog | dog | dog | cat | dog,dog | dog | dog | dog | dog
dog,/home/emily/MMIP/week5/quiz1/data/query/dog/00018.png,dog,dog,True,True,1,1,True,True,dog | dog | cat | dog | dog,dog | dog | dog | dog | cat
dog,/home/emily/MMIP/week5/quiz1/data/query/dog/00019.png,deer,dog,False,True,3,1,True,True,deer | deer | dog | deer | deer,dog | dog | dog | dog | dog
dog,/home/emily/MMIP/week5/quiz1/data/query/dog/00020.png,dog,dog,True,True,1,1,True,True,dog | dog | dog | dog | dog,dog | dog | dog | dog | dog
dog,/home/emily/MMIP/week5/quiz1/data/query/dog/00021.png,dog,dog,True,True,1,1,True,True,dog | dog | dog | dog | dog,dog | dog | dog | dog | dog
dog,/home/emily/MMIP/week5/quiz1/data/query/dog/00022.png,cat,cat,False,False,3,5,True,True,cat | deer | dog | cat | cat,cat | cat | cat | cat | dog
dog,/home/emily/MMIP/week5/quiz1/data/query/dog/00023.png,dog,dog,True,True,1,1,True,True,dog | dog | dog | dog | dog,dog | dog | dog | dog | dog
dog,/home/emily/MMIP/week5/quiz1/data/query/dog/00024.png,dog,dog,True,True,1,1,True,True,dog | dog | dog | dog | dog,dog | dog | dog | dog | dog
dog,/home/emily/MMIP/week5/quiz1/data/query/dog/00025.png,dog,dog,True,True,1,1,True,True,dog | dog | dog | dog | dog,dog | dog | dog | dog | dog
dog,/home/emily/MMIP/week5/quiz1/data/query/dog/00026.png,dog,dog,True,True,1,1,True,True,dog | dog | dog | dog | airplane,dog | dog | dog | dog | dog
dog,/home/emily/MMIP/week5/quiz1/data/query/dog/00027.png,dog,cat,True,False,1,2,True,True,dog | cat | cat | cat | cat,cat | dog | dog | dog | horse
dog,/home/emily/MMIP/week5/quiz1/data/query/dog/00028.png,cat,dog,False,True,2,1,True,True,cat | dog | cat | dog | dog,dog | frog | dog | dog | dog
dog,/home/emily/MMIP/week5/quiz1/data/query/dog/00029.png,dog,dog,True,True,1,1,True,True,dog | dog | dog | dog | dog,dog | dog | dog | dog | dog
dog,/home/emily/MMIP/week5/quiz1/data/query/dog/00030.png,dog,dog,True,True,1,1,True,True,dog | dog | dog | dog | dog,dog | dog | dog | deer | dog
dog,/home/emily/MMIP/week5/quiz1/data/query/dog/00031.png,dog,dog,True,True,1,1,True,True,dog | dog | cat | dog | dog,dog | dog | dog | dog | dog
dog,/home/emily/MMIP/week5/quiz1/data/query/dog/00032.png,dog,dog,True,True,1,1,True,True,dog | dog | dog | dog | dog,dog | dog | dog | dog | dog
dog,/home/emily/MMIP/week5/quiz1/data/query/dog/00033.png,horse,cat,False,False,,2,False,True,horse | cat | cat | cat | cat,cat | dog | cat | cat | cat
dog,/home/emily/MMIP/week5/quiz1/data/query/dog/00034.png,dog,dog,True,True,1,1,True,True,dog | dog | dog | dog | dog,dog | dog | dog | dog | dog
dog,/home/emily/MMIP/week5/quiz1/data/query/dog/00035.png,dog,dog,True,True,1,1,True,True,dog | dog | dog | dog | dog,dog | dog | dog | dog | dog
dog,/home/emily/MMIP/week5/quiz1/data/query/dog/00036.png,deer,dog,False,True,3,1,True,True,deer | deer | dog | dog | dog,dog | dog | dog | dog | dog
dog,/home/emily/MMIP/week5/quiz1/data/query/dog/00037.png,dog,cat,True,False,1,2,True,True,dog | dog | dog | dog | dog,cat | dog | dog | dog | dog
dog,/home/emily/MMIP/week5/quiz1/data/query/dog/00038.png,dog,frog,True,False,1,4,True,True,dog | dog | dog | cat | dog,frog | frog | frog | dog | cat
dog,/home/emily/MMIP/week5/quiz1/data/query/dog/00039.png,dog,dog,True,True,1,1,True,True,dog | dog | dog | cat | dog,dog | dog | dog | dog | dog
dog,/home/emily/MMIP/week5/quiz1/data/query/dog/00040.png,dog,cat,True,False,1,,True,False,dog | dog | cat | cat | dog,cat | cat | cat | cat | cat
dog,/home/emily/MMIP/week5/quiz1/data/query/dog/00041.png,dog,dog,True,True,1,1,True,True,dog | dog | dog | dog | dog,dog | dog | dog | horse | horse
dog,/home/emily/MMIP/week5/quiz1/data/query/dog/00042.png,dog,dog,True,True,1,1,True,True,dog | dog | dog | dog | dog,dog | dog | dog | dog | dog
dog,/home/emily/MMIP/week5/quiz1/data/query/dog/00043.png,dog,dog,True,True,1,1,True,True,dog | cat | cat | dog | frog,dog | dog | dog | dog | dog
dog,/home/emily/MMIP/week5/quiz1/data/query/dog/00044.png,dog,cat,True,False,1,5,True,True,dog | dog | horse | dog | cat,cat | cat | cat | cat | dog
dog,/home/emily/MMIP/week5/quiz1/data/query/dog/00045.png,dog,dog,True,True,1,1,True,True,dog | cat | cat | dog | dog,dog | dog | cat | dog | dog
dog,/home/emily/MMIP/week5/quiz1/data/query/dog/00046.png,dog,dog,True,True,1,1,True,True,dog | dog | dog | dog | dog,dog | dog | dog | dog | dog
dog,/home/emily/MMIP/week5/quiz1/data/query/dog/00047.png,cat,cat,False,False,,,False,False,cat | cat | cat | frog | horse,cat | cat | cat | cat | cat
dog,/home/emily/MMIP/week5/quiz1/data/query/dog/00048.png,dog,dog,True,True,1,1,True,True,dog | bird | dog | bird | cat,dog | dog | dog | dog | dog
dog,/home/emily/MMIP/week5/quiz1/data/query/dog/00049.png,dog,dog,True,True,1,1,True,True,dog | dog | dog | dog | dog,dog | dog | dog | dog | dog
dog,/home/emily/MMIP/week5/quiz1/data/query/dog/00050.png,dog,dog,True,True,1,1,True,True,dog | dog | dog | dog | dog,dog | dog | dog | dog | dog
dog,/home/emily/MMIP/week5/quiz1/data/query/dog/00051.png,cat,dog,False,True,5,1,True,True,cat | cat | cat | cat | dog,dog | dog | horse | horse | horse
dog,/home/emily/MMIP/week5/quiz1/data/query/dog/00052.png,dog,dog,True,True,1,1,True,True,dog | dog | dog | dog | dog,dog | dog | dog | dog | dog
dog,/home/emily/MMIP/week5/quiz1/data/query/dog/00053.png,cat,cat,False,False,3,2,True,True,cat | cat | dog | truck | cat,cat | dog | cat | cat | dog
dog,/home/emily/MMIP/week5/quiz1/data/query/dog/00054.png,dog,dog,True,True,1,1,True,True,dog | dog | dog | dog | dog,dog | dog | dog | dog | dog
dog,/home/emily/MMIP/week5/quiz1/data/query/dog/00055.png,dog,dog,True,True,1,1,True,True,dog | dog | dog | dog | dog,dog | dog | dog | dog | dog
dog,/home/emily/MMIP/week5/quiz1/data/query/dog/00056.png,dog,dog,True,True,1,1,True,True,dog | dog | cat | dog | horse,dog | dog | cat | dog | dog
dog,/home/emily/MMIP/week5/quiz1/data/query/dog/00057.png,cat,dog,False,True,5,1,True,True,cat | horse | cat | cat | dog,dog | dog | dog | dog | dog
dog,/home/emily/MMIP/week5/quiz1/data/query/dog/00058.png,cat,cat,False,False,3,2,True,True,cat | cat | dog | dog | horse,cat | dog | horse | cat | dog
dog,/home/emily/MMIP/week5/quiz1/data/query/dog/00059.png,dog,dog,True,True,1,1,True,True,dog | deer | dog | cat | dog,dog | dog | dog | dog | dog
dog,/home/emily/MMIP/week5/quiz1/data/query/dog/00060.png,dog,dog,True,True,1,1,True,True,dog | dog | dog | dog | dog,dog | dog | dog | dog | dog
dog,/home/emily/MMIP/week5/quiz1/data/query/dog/00061.png,cat,cat,False,False,2,2,True,True,cat | dog | cat | cat | dog,cat | dog | horse | dog | horse
dog,/home/emily/MMIP/week5/quiz1/data/query/dog/00062.png,dog,dog,True,True,1,1,True,True,dog | dog | dog | dog | dog,dog | dog | dog | dog | dog
dog,/home/emily/MMIP/week5/quiz1/data/query/dog/00063.png,dog,dog,True,True,1,1,True,True,dog | dog | dog | dog | dog,dog | dog | dog | dog | dog
dog,/home/emily/MMIP/week5/quiz1/data/query/dog/00064.png,bird,dog,False,True,2,1,True,True,bird | dog | bird | bird | bird,dog | dog | dog | cat | cat
dog,/home/emily/MMIP/week5/quiz1/data/query/dog/00065.png,dog,dog,True,True,1,1,True,True,dog | dog | dog | truck | dog,dog | dog | dog | dog | cat
dog,/home/emily/MMIP/week5/quiz1/data/query/dog/00066.png,bird,dog,False,True,2,1,True,True,bird | dog | horse | dog | dog,dog | dog | dog | deer | cat
dog,/home/emily/MMIP/week5/quiz1/data/query/dog/00067.png,dog,dog,True,True,1,1,True,True,dog | dog | dog | dog | horse,dog | dog | dog | dog | dog
dog,/home/emily/MMIP/week5/quiz1/data/query/dog/00068.png,dog,dog,True,True,1,1,True,True,dog | dog | dog | dog | dog,dog | dog | cat | dog | dog
dog,/home/emily/MMIP/week5/quiz1/data/query/dog/00069.png,dog,dog,True,True,1,1,True,True,dog | frog | dog | bird | bird,dog | dog | cat | dog | cat
dog,/home/emily/MMIP/week5/quiz1/data/query/dog/00070.png,dog,dog,True,True,1,1,True,True,dog | dog | cat | dog | dog,dog | dog | dog | dog | dog
dog,/home/emily/MMIP/week5/quiz1/data/query/dog/00071.png,dog,dog,True,True,1,1,True,True,dog | dog | dog | dog | dog,dog | dog | dog | dog | dog
dog,/home/emily/MMIP/week5/quiz1/data/query/dog/00072.png,cat,dog,False,True,,1,False,True,cat | cat | cat | cat | cat,dog | cat | cat | cat | cat
dog,/home/emily/MMIP/week5/quiz1/data/query/dog/00073.png,bird,dog,False,True,5,1,True,True,bird | deer | bird | deer | dog,dog | cat | dog | dog | dog
dog,/home/emily/MMIP/week5/quiz1/data/query/dog/00074.png,frog,frog,False,False,,,False,False,frog | frog | frog | frog | frog,frog | frog | frog | frog | frog
dog,/home/emily/MMIP/week5/quiz1/data/query/dog/00075.png,dog,bird,True,False,1,4,True,True,dog | cat | bird | dog | cat,bird | bird | bird | dog | bird
dog,/home/emily/MMIP/week5/quiz1/data/query/dog/00076.png,cat,dog,False,True,2,1,True,True,cat | dog | deer | dog | dog,dog | dog | dog | dog | dog
dog,/home/emily/MMIP/week5/quiz1/data/query/dog/00077.png,dog,cat,True,False,1,3,True,True,dog | cat | horse | horse | frog,cat | deer | dog | deer | dog
dog,/home/emily/MMIP/week5/quiz1/data/query/dog/00078.png,dog,dog,True,True,1,1,True,True,dog | dog | dog | dog | bird,dog | dog | dog | dog | dog
dog,/home/emily/MMIP/week5/quiz1/data/query/dog/00079.png,frog,dog,False,True,2,1,True,True,frog | dog | cat | cat | dog,dog | dog | dog | dog | dog
dog,/home/emily/MMIP/week5/quiz1/data/query/dog/00080.png,dog,dog,True,True,1,1,True,True,dog | dog | dog | dog | dog,dog | dog | dog | dog | dog
dog,/home/emily/MMIP/week5/quiz1/data/query/dog/00081.png,dog,dog,True,True,1,1,True,True,dog | frog | bird | deer | frog,dog | frog | frog | dog | dog
dog,/home/emily/MMIP/week5/quiz1/data/query/dog/00082.png,ship,truck,False,False,,2,False,True,ship | automobile | cat | automobile | truck,truck | dog | horse | deer | horse
dog,/home/emily/MMIP/week5/quiz1/data/query/dog/00083.png,dog,cat,True,False,1,2,True,True,dog | cat | cat | cat | cat,cat | dog | deer | bird | cat
dog,/home/emily/MMIP/week5/quiz1/data/query/dog/00084.png,dog,dog,True,True,1,1,True,True,dog | dog | dog | dog | cat,dog | dog | dog | dog | dog
dog,/home/emily/MMIP/week5/quiz1/data/query/dog/00085.png,cat,dog,False,True,2,1,True,True,cat | dog | dog | cat | dog,dog | dog | cat | cat | cat
dog,/home/emily/MMIP/week5/quiz1/data/query/dog/00086.png,dog,dog,True,True,1,1,True,True,dog | dog | dog | dog | dog,dog | dog | dog | dog | dog
dog,/home/emily/MMIP/week5/quiz1/data/query/dog/00087.png,dog,dog,True,True,1,1,True,True,dog | cat | cat | dog | dog,dog | deer | dog | dog | dog
dog,/home/emily/MMIP/week5/quiz1/data/query/dog/00088.png,dog,dog,True,True,1,1,True,True,dog | dog | dog | dog | dog,dog | dog | dog | dog | dog
dog,/home/emily/MMIP/week5/quiz1/data/query/dog/00089.png,dog,dog,True,True,1,1,True,True,dog | dog | dog | dog | dog,dog | dog | dog | dog | dog
dog,/home/emily/MMIP/week5/quiz1/data/query/dog/00090.png,bird,bird,False,False,,2,False,True,bird | bird | bird | deer | horse,bird | dog | bird | bird | cat
dog,/home/emily/MMIP/week5/quiz1/data/query/dog/00091.png,dog,dog,True,True,1,1,True,True,dog | dog | dog | dog | dog,dog | dog | dog | dog | dog
dog,/home/emily/MMIP/week5/quiz1/data/query/dog/00092.png,dog,dog,True,True,1,1,True,True,dog | dog | dog | dog | dog,dog | dog | dog | dog | dog
dog,/home/emily/MMIP/week5/quiz1/data/query/dog/00093.png,dog,dog,True,True,1,1,True,True,dog | dog | cat | dog | dog,dog | dog | dog | dog | dog
dog,/home/emily/MMIP/week5/quiz1/data/query/dog/00094.png,dog,dog,True,True,1,1,True,True,dog | dog | dog | dog | dog,dog | dog | dog | dog | dog
dog,/home/emily/MMIP/week5/quiz1/data/query/dog/00095.png,dog,dog,True,True,1,1,True,True,dog | dog | dog | dog | dog,dog | dog | dog | dog | dog
dog,/home/emily/MMIP/week5/quiz1/data/query/dog/00096.png,dog,dog,True,True,1,1,True,True,dog | dog | dog | dog | dog,dog | dog | dog | dog | dog
dog,/home/emily/MMIP/week5/quiz1/data/query/dog/00097.png,dog,dog,True,True,1,1,True,True,dog | deer | frog | horse | bird,dog | dog | dog | dog | bird
dog,/home/emily/MMIP/week5/quiz1/data/query/dog/00098.png,deer,dog,False,True,,1,False,True,deer | deer | deer | cat | cat,dog | truck | dog | truck | dog
dog,/home/emily/MMIP/week5/quiz1/data/query/dog/00099.png,dog,cat,True,False,1,5,True,True,dog | dog | dog | deer | horse,cat | cat | cat | cat | dog
