class,metric,baseline,triplet,delta_percentage_points
airplane,HitRate@1,0.7500,0.7600,+1.00
airplane,HitRate@5,0.9200,0.8500,-7.00
airplane,HitRate@10,0.9500,0.9100,-4.00
automobile,HitRate@1,0.8600,0.9500,+9.00
automobile,HitRate@5,0.9700,0.9600,-1.00
automobile,HitRate@10,1.0000,0.9800,-2.00
bird,HitRate@1,0.6400,0.8000,+16.00
bird,HitRate@5,0.8700,0.9000,+3.00
bird,HitRate@10,0.9800,0.9300,-5.00
cat,HitRate@1,0.6200,0.6200,+0.00
cat,HitRate@5,0.9000,0.8700,-3.00
cat,HitRate@10,0.9700,0.9200,-5.00
deer,HitRate@1,0.6700,0.7200,+5.00
deer,HitRate@5,0.9100,0.8700,-4.00
deer,HitRate@10,0.9800,0.9300,-5.00
dog,HitRate@1,0.7500,0.8100,+6.00
dog,HitRate@5,0.9300,0.9700,+4.00
dog,HitRate@10,0.9500,0.9900,+4.00
frog,HitRate@1,0.8400,0.9500,+11.00
frog,HitRate@5,0.9600,0.9900,+3.00
frog,HitRate@10,0.9800,1.0000,+2.00
horse,HitRate@1,0.8500,0.8500,+0.00
horse,HitRate@5,0.9700,0.9600,-1.00
horse,HitRate@10,0.9900,0.9700,-2.00
ship,HitRate@1,0.8700,0.9400,+7.00
ship,HitRate@5,0.9700,0.9700,+0.00
ship,HitRate@10,0.9900,0.9800,-1.00
truck,HitRate@1,0.8800,0.9500,+7.00
truck,HitRate@5,0.9900,0.9700,-2.00
truck,HitRate@10,0.9900,0.9800,-1.00
