query_path,query_class,model,rank,gallery_path,gallery_class,cosine_similarity,best_same_class_rank,best_same_similarity,best_wrong_similarity,margin_same_minus_wrong
/home/emily/MMIP/week5/quiz1/data/query/truck/00034.png,truck,Baseline,1,/home/emily/MMIP/week5/quiz1/data/gallery/truck/00448.png,truck,0.904221,1,0.904221,0.883613,0.020607
/home/emily/MMIP/week5/quiz1/data/query/truck/00034.png,truck,Baseline,2,/home/emily/MMIP/week5/quiz1/data/gallery/truck/00987.png,truck,0.887421,1,0.904221,0.883613,0.020607
/home/emily/MMIP/week5/quiz1/data/query/truck/00034.png,truck,Baseline,3,/home/emily/MMIP/week5/quiz1/data/gallery/truck/00417.png,truck,0.885463,1,0.904221,0.883613,0.020607
/home/emily/MMIP/week5/quiz1/data/query/truck/00034.png,truck,Baseline,4,/home/emily/MMIP/week5/quiz1/data/gallery/truck/00879.png,truck,0.884535,1,0.904221,0.883613,0.020607
/home/emily/MMIP/week5/quiz1/data/query/truck/00034.png,truck,Baseline,5,/home/emily/MMIP/week5/quiz1/data/gallery/automobile/00325.png,automobile,0.883613,1,0.904221,0.883613,0.020607
/home/emily/MMIP/week5/quiz1/data/query/truck/00034.png,truck,Baseline,6,/home/emily/MMIP/week5/quiz1/data/gallery/truck/00150.png,truck,0.881108,1,0.904221,0.883613,0.020607
/home/emily/MMIP/week5/quiz1/data/query/truck/00034.png,truck,Baseline,7,/home/emily/MMIP/week5/quiz1/data/gallery/truck/00152.png,truck,0.880881,1,0.904221,0.883613,0.020607
/home/emily/MMIP/week5/quiz1/data/query/truck/00034.png,truck,Baseline,8,/home/emily/MMIP/week5/quiz1/data/gallery/truck/00943.png,truck,0.880172,1,0.904221,0.883613,0.020607
/home/emily/MMIP/week5/quiz1/data/query/truck/00034.png,truck,Baseline,9,/home/emily/MMIP/week5/quiz1/data/gallery/truck/00160.png,truck,0.877778,1,0.904221,0.883613,0.020607
/home/emily/MMIP/week5/quiz1/data/query/truck/00034.png,truck,Baseline,10,/home/emily/MMIP/week5/quiz1/data/gallery/truck/00729.png,truck,0.877745,1,0.904221,0.883613,0.020607
/home/emily/MMIP/week5/quiz1/data/query/truck/00034.png,truck,Triplet,1,/home/emily/MMIP/week5/quiz1/data/gallery/automobile/00230.png,automobile,0.896263,,0.792953,0.896263,-0.103310
/home/emily/MMIP/week5/quiz1/data/query/truck/00034.png,truck,Triplet,2,/home/emily/MMIP/week5/quiz1/data/gallery/automobile/00332.png,automobile,0.894919,,0.792953,0.896263,-0.103310
/home/emily/MMIP/week5/quiz1/data/query/truck/00034.png,truck,Triplet,3,/home/emily/MMIP/week5/quiz1/data/gallery/automobile/00980.png,automobile,0.894016,,0.792953,0.896263,-0.103310
/home/emily/MMIP/week5/quiz1/data/query/truck/00034.png,truck,Triplet,4,/home/emily/MMIP/week5/quiz1/data/gallery/automobile/00150.png,automobile,0.892857,,0.792953,0.896263,-0.103310
/home/emily/MMIP/week5/quiz1/data/query/truck/00034.png,truck,Triplet,5,/home/emily/MMIP/week5/quiz1/data/gallery/automobile/00910.png,automobile,0.892643,,0.792953,0.896263,-0.103310
/home/emily/MMIP/week5/quiz1/data/query/truck/00034.png,truck,Triplet,6,/home/emily/MMIP/week5/quiz1/data/gallery/automobile/00803.png,automobile,0.891813,,0.792953,0.896263,-0.103310
/home/emily/MMIP/week5/quiz1/data/query/truck/00034.png,truck,Triplet,7,/home/emily/MMIP/week5/quiz1/data/gallery/automobile/00490.png,automobile,0.889741,,0.792953,0.896263,-0.103310
/home/emily/MMIP/week5/quiz1/data/query/truck/00034.png,truck,Triplet,8,/home/emily/MMIP/week5/quiz1/data/gallery/automobile/00829.png,automobile,0.889303,,0.792953,0.896263,-0.103310
/home/emily/MMIP/week5/quiz1/data/query/truck/00034.png,truck,Triplet,9,/home/emily/MMIP/week5/quiz1/data/gallery/automobile/00214.png,automobile,0.888457,,0.792953,0.896263,-0.103310
/home/emily/MMIP/week5/quiz1/data/query/truck/00034.png,truck,Triplet,10,/home/emily/MMIP/week5/quiz1/data/gallery/automobile/00546.png,automobile,0.888426,,0.792953,0.896263,-0.103310
/home/emily/MMIP/week5/quiz1/data/query/truck/00095.png,truck,Baseline,1,/home/emily/MMIP/week5/quiz1/data/gallery/automobile/00772.png,automobile,0.900796,,0.865999,0.900796,-0.034797
/home/emily/MMIP/week5/quiz1/data/query/truck/00095.png,truck,Baseline,2,/home/emily/MMIP/week5/quiz1/data/gallery/automobile/00449.png,automobile,0.898283,,0.865999,0.900796,-0.034797
/home/emily/MMIP/week5/quiz1/data/query/truck/00095.png,truck,Baseline,3,/home/emily/MMIP/week5/quiz1/data/gallery/automobile/00921.png,automobile,0.896999,,0.865999,0.900796,-0.034797
/home/emily/MMIP/week5/quiz1/data/query/truck/00095.png,truck,Baseline,4,/home/emily/MMIP/week5/quiz1/data/gallery/automobile/00325.png,automobile,0.893590,,0.865999,0.900796,-0.034797
/home/emily/MMIP/week5/quiz1/data/query/truck/00095.png,truck,Baseline,5,/home/emily/MMIP/week5/quiz1/data/gallery/automobile/00896.png,automobile,0.890347,,0.865999,0.900796,-0.034797
/home/emily/MMIP/week5/quiz1/data/query/truck/00095.png,truck,Baseline,6,/home/emily/MMIP/week5/quiz1/data/gallery/automobile/00652.png,automobile,0.888330,,0.865999,0.900796,-0.034797
/home/emily/MMIP/week5/quiz1/data/query/truck/00095.png,truck,Baseline,7,/home/emily/MMIP/week5/quiz1/data/gallery/automobile/00502.png,automobile,0.886668,,0.865999,0.900796,-0.034797
/home/emily/MMIP/week5/quiz1/data/query/truck/00095.png,truck,Baseline,8,/home/emily/MMIP/week5/quiz1/data/gallery/automobile/00563.png,automobile,0.886445,,0.865999,0.900796,-0.034797
/home/emily/MMIP/week5/quiz1/data/query/truck/00095.png,truck,Baseline,9,/home/emily/MMIP/week5/quiz1/data/gallery/automobile/00571.png,automobile,0.885069,,0.865999,0.900796,-0.034797
/home/emily/MMIP/week5/quiz1/data/query/truck/00095.png,truck,Baseline,10,/home/emily/MMIP/week5/quiz1/data/gallery/automobile/00399.png,automobile,0.884637,,0.865999,0.900796,-0.034797
/home/emily/MMIP/week5/quiz1/data/query/truck/00095.png,truck,Triplet,1,/home/emily/MMIP/week5/quiz1/data/gallery/automobile/00856.png,automobile,0.892319,,0.805231,0.892319,-0.087088
/home/emily/MMIP/week5/quiz1/data/query/truck/00095.png,truck,Triplet,2,/home/emily/MMIP/week5/quiz1/data/gallery/automobile/00472.png,automobile,0.891318,,0.805231,0.892319,-0.087088
/home/emily/MMIP/week5/quiz1/data/query/truck/00095.png,truck,Triplet,3,/home/emily/MMIP/week5/quiz1/data/gallery/automobile/00908.png,automobile,0.890772,,0.805231,0.892319,-0.087088
/home/emily/MMIP/week5/quiz1/data/query/truck/00095.png,truck,Triplet,4,/home/emily/MMIP/week5/quiz1/data/gallery/automobile/00193.png,automobile,0.889805,,0.805231,0.892319,-0.087088
/home/emily/MMIP/week5/quiz1/data/query/truck/00095.png,truck,Triplet,5,/home/emily/MMIP/week5/quiz1/data/gallery/automobile/00494.png,automobile,0.888890,,0.805231,0.892319,-0.087088
/home/emily/MMIP/week5/quiz1/data/query/truck/00095.png,truck,Triplet,6,/home/emily/MMIP/week5/quiz1/data/gallery/automobile/00708.png,automobile,0.888241,,0.805231,0.892319,-0.087088
/home/emily/MMIP/week5/quiz1/data/query/truck/00095.png,truck,Triplet,7,/home/emily/MMIP/week5/quiz1/data/gallery/automobile/00599.png,automobile,0.887927,,0.805231,0.892319,-0.087088
/home/emily/MMIP/week5/quiz1/data/query/truck/00095.png,truck,Triplet,8,/home/emily/MMIP/week5/quiz1/data/gallery/automobile/00796.png,automobile,0.887733,,0.805231,0.892319,-0.087088
/home/emily/MMIP/week5/quiz1/data/query/truck/00095.png,truck,Triplet,9,/home/emily/MMIP/week5/quiz1/data/gallery/automobile/00332.png,automobile,0.887562,,0.805231,0.892319,-0.087088
/home/emily/MMIP/week5/quiz1/data/query/truck/00095.png,truck,Triplet,10,/home/emily/MMIP/week5/quiz1/data/gallery/automobile/00780.png,automobile,0.886650,,0.805231,0.892319,-0.087088
/home/emily/MMIP/week5/quiz1/data/query/deer/00097.png,deer,Baseline,1,/home/emily/MMIP/week5/quiz1/data/gallery/horse/00122.png,horse,0.909801,2,0.902446,0.909801,-0.007355
/home/emily/MMIP/week5/quiz1/data/query/deer/00097.png,deer,Baseline,2,/home/emily/MMIP/week5/quiz1/data/gallery/deer/00765.png,deer,0.902446,2,0.902446,0.909801,-0.007355
/home/emily/MMIP/week5/quiz1/data/query/deer/00097.png,deer,Baseline,3,/home/emily/MMIP/week5/quiz1/data/gallery/horse/00054.png,horse,0.898436,2,0.902446,0.909801,-0.007355
/home/emily/MMIP/week5/quiz1/data/query/deer/00097.png,deer,Baseline,4,/home/emily/MMIP/week5/quiz1/data/gallery/horse/00821.png,horse,0.897113,2,0.902446,0.909801,-0.007355
/home/emily/MMIP/week5/quiz1/data/query/deer/00097.png,deer,Baseline,5,/home/emily/MMIP/week5/quiz1/data/gallery/horse/00365.png,horse,0.890795,2,0.902446,0.909801,-0.007355
/home/emily/MMIP/week5/quiz1/data/query/deer/00097.png,deer,Baseline,6,/home/emily/MMIP/week5/quiz1/data/gallery/deer/00390.png,deer,0.888382,2,0.902446,0.909801,-0.007355
/home/emily/MMIP/week5/quiz1/data/query/deer/00097.png,deer,Baseline,7,/home/emily/MMIP/week5/quiz1/data/gallery/deer/00167.png,deer,0.885397,2,0.902446,0.909801,-0.007355
/home/emily/MMIP/week5/quiz1/data/query/deer/00097.png,deer,Baseline,8,/home/emily/MMIP/week5/quiz1/data/gallery/horse/00397.png,horse,0.883107,2,0.902446,0.909801,-0.007355
/home/emily/MMIP/week5/quiz1/data/query/deer/00097.png,deer,Baseline,9,/home/emily/MMIP/week5/quiz1/data/gallery/horse/00781.png,horse,0.883086,2,0.902446,0.909801,-0.007355
/home/emily/MMIP/week5/quiz1/data/query/deer/00097.png,deer,Baseline,10,/home/emily/MMIP/week5/quiz1/data/gallery/deer/00205.png,deer,0.882171,2,0.902446,0.909801,-0.007355
/home/emily/MMIP/week5/quiz1/data/query/deer/00097.png,deer,Triplet,1,/home/emily/MMIP/week5/quiz1/data/gallery/horse/00040.png,horse,0.862141,,0.813973,0.862141,-0.048168
/home/emily/MMIP/week5/quiz1/data/query/deer/00097.png,deer,Triplet,2,/home/emily/MMIP/week5/quiz1/data/gallery/horse/00974.png,horse,0.862082,,0.813973,0.862141,-0.048168
/home/emily/MMIP/week5/quiz1/data/query/deer/00097.png,deer,Triplet,3,/home/emily/MMIP/week5/quiz1/data/gallery/horse/00016.png,horse,0.860871,,0.813973,0.862141,-0.048168
/home/emily/MMIP/week5/quiz1/data/query/deer/00097.png,deer,Triplet,4,/home/emily/MMIP/week5/quiz1/data/gallery/horse/00219.png,horse,0.860389,,0.813973,0.862141,-0.048168
/home/emily/MMIP/week5/quiz1/data/query/deer/00097.png,deer,Triplet,5,/home/emily/MMIP/week5/quiz1/data/gallery/horse/00231.png,horse,0.859797,,0.813973,0.862141,-0.048168
/home/emily/MMIP/week5/quiz1/data/query/deer/00097.png,deer,Triplet,6,/home/emily/MMIP/week5/quiz1/data/gallery/horse/00734.png,horse,0.859525,,0.813973,0.862141,-0.048168
/home/emily/MMIP/week5/quiz1/data/query/deer/00097.png,deer,Triplet,7,/home/emily/MMIP/week5/quiz1/data/gallery/horse/00397.png,horse,0.858401,,0.813973,0.862141,-0.048168
/home/emily/MMIP/week5/quiz1/data/query/deer/00097.png,deer,Triplet,8,/home/emily/MMIP/week5/quiz1/data/gallery/horse/00294.png,horse,0.858027,,0.813973,0.862141,-0.048168
/home/emily/MMIP/week5/quiz1/data/query/deer/00097.png,deer,Triplet,9,/home/emily/MMIP/week5/quiz1/data/gallery/horse/00100.png,horse,0.857407,,0.813973,0.862141,-0.048168
/home/emily/MMIP/week5/quiz1/data/query/deer/00097.png,deer,Triplet,10,/home/emily/MMIP/week5/quiz1/data/gallery/horse/00781.png,horse,0.856235,,0.813973,0.862141,-0.048168
